AKR1A1,AKR1A2,94.1538461538462
AKR1A1,AKR1A3,94.1538461538462
AKR1A1,AKR1A4,93.2307692307692
AKR1A1,AKR1B1,51.2738853503185
AKR1A1,AKR1B2,50.9554140127389
AKR1A1,AKR1B3,51.9108280254777
AKR1A1,AKR1B4,51.9108280254777
AKR1A1,AKR1B5,49.5207667731629
AKR1A1,AKR1B6,52.2292993630573
AKR1A1,AKR1B7,49.3630573248408
AKR1A1,AKR1B8,50.3184713375796
AKR1A1,AKR1B9,48.4076433121019
AKR1A1,AKR1B10,50.3184713375796
AKR1A1,AKR1B13,49.3630573248408
AKR1A1,AKR1B14,48.4076433121019
AKR1A1,AKR1B15,48.0891719745223
AKR1A1,AKR1B18,48.0891719745223
AKR1A1,AKR1B19,51.5923566878981
AKR1A1,AKR1C1,44.4444444444444
AKR1A1,AKR1C2,44.1269841269841
AKR1A1,AKR1C3,41.9047619047619
AKR1A1,AKR1C4,42.8571428571429
AKR1A1,AKR1C5,42.8571428571429
AKR1A1,AKR1C6,43.1746031746032
AKR1A1,AKR1C7,41.5873015873016
AKR1A1,AKR1C8,39.6825396825397
AKR1A1,AKR1C9,39.8089171974522
AKR1A1,AKR1C11,42.2222222222222
AKR1A1,AKR1C12,41.9047619047619
AKR1A1,AKR1C13,43.1746031746032
AKR1A1,AKR1C14,39.3650793650794
AKR1A1,AKR1C15,40.9523809523809
AKR1A1,AKR1C16,42.6282051282051
AKR1A1,AKR1C17,41.0828025477707
AKR1A1,AKR1C18,41.1764705882353
AKR1A1,AKR1C19,41.2698412698413
AKR1A1,AKR1C20,43.2539682539683
AKR1A1,AKR1C21,40.9523809523809
AKR1A1,AKR1C22,43.4920634920635
AKR1A1,AKR1C23,42.9936305732484
AKR1A1,AKR1C24,40
AKR1A1,AKR1C25,42.5396825396826
AKR1A1,AKR1C26,44.1269841269841
AKR1A1,AKR1C27,45.0793650793651
AKR1A1,AKR1C28,44.7619047619048
AKR1A1,AKR1C29,44.1269841269841
AKR1A1,AKR1C30,43.8095238095238
AKR1A1,AKR1C31,43.4920634920635
AKR1A1,AKR1C32,44.4444444444444
AKR1A1,AKR1C33,43.312101910828
AKR1A1,AKR1C34,42.8571428571429
AKR1A1,AKR1C35,41.5873015873016
AKR1A1,AKR1D1,44.7619047619048
AKR1A1,AKR1D2,45.859872611465
AKR1A1,AKR1D3,44.4444444444444
AKR1A1,AKR1D4,14.5833333333333
AKR1A1,AKR1E1,47.8260869565217
AKR1A1,AKR1E2,45.819397993311
AKR1A1,AKR6A1,21.7081850533808
AKR1A1,AKR6A2,21.7081850533808
AKR1A1,AKR6A3,22.0640569395018
AKR1A1,AKR6A4,21.3523131672598
AKR1A1,AKR6A5,21.7081850533808
AKR1A1,AKR6A6,21.7081850533808
AKR1A1,AKR6A7,22.0640569395018
AKR1A1,AKR6A8,22.0640569395018
AKR1A1,AKR6A9,19.85559566787
AKR1A1,AKR6A10a,22.4199288256228
AKR1A1,AKR6A10b,21.7081850533808
AKR1A1,AKR6A12,20.9386281588448
AKR1A1,AKR6A13,22.0640569395018
AKR1A1,AKR6A14,20.5776173285199
AKR1A1,AKR7A1,25.3676470588235
AKR1A1,AKR7A2,27.7580071174377
AKR1A1,AKR7A3,24.8175182481752
AKR1A1,AKR7A4,27.007299270073
AKR1A1,AKR7A5,25.089605734767
AKR1A2,AKR1A3,92.6153846153846
AKR1A2,AKR1A4,91.3846153846154
AKR1A2,AKR1B1,50.9554140127389
AKR1A2,AKR1B2,50.9554140127389
AKR1A2,AKR1B3,51.5923566878981
AKR1A2,AKR1B4,51.5923566878981
AKR1A2,AKR1B5,49.8402555910543
AKR1A2,AKR1B6,51.9108280254777
AKR1A2,AKR1B7,49.6815286624204
AKR1A2,AKR1B8,50
AKR1A2,AKR1B9,48.4076433121019
AKR1A2,AKR1B10,51.2738853503185
AKR1A2,AKR1B13,48.7261146496815
AKR1A2,AKR1B14,48.7261146496815
AKR1A2,AKR1B15,48.0891719745223
AKR1A2,AKR1B18,48.4076433121019
AKR1A2,AKR1B19,51.5923566878981
AKR1A2,AKR1C1,44.4444444444444
AKR1A2,AKR1C2,43.8095238095238
AKR1A2,AKR1C3,42.2222222222222
AKR1A2,AKR1C4,42.8571428571429
AKR1A2,AKR1C5,42.5396825396826
AKR1A2,AKR1C6,43.8095238095238
AKR1A2,AKR1C7,41.2698412698413
AKR1A2,AKR1C8,39.6825396825397
AKR1A2,AKR1C9,39.8089171974522
AKR1A2,AKR1C11,41.9047619047619
AKR1A2,AKR1C12,42.5396825396826
AKR1A2,AKR1C13,43.8095238095238
AKR1A2,AKR1C14,39.3650793650794
AKR1A2,AKR1C15,40.9523809523809
AKR1A2,AKR1C16,43.5897435897436
AKR1A2,AKR1C17,41.7197452229299
AKR1A2,AKR1C18,40.8304498269896
AKR1A2,AKR1C19,41.5873015873016
AKR1A2,AKR1C20,44.047619047619
AKR1A2,AKR1C21,41.2698412698413
AKR1A2,AKR1C22,44.1269841269841
AKR1A2,AKR1C23,42.9936305732484
AKR1A2,AKR1C24,40.9523809523809
AKR1A2,AKR1C25,42.5396825396826
AKR1A2,AKR1C26,43.4920634920635
AKR1A2,AKR1C27,45.0793650793651
AKR1A2,AKR1C28,44.7619047619048
AKR1A2,AKR1C29,44.1269841269841
AKR1A2,AKR1C30,43.4920634920635
AKR1A2,AKR1C31,43.1746031746032
AKR1A2,AKR1C32,44.1269841269841
AKR1A2,AKR1C33,43.9490445859873
AKR1A2,AKR1C34,42.5396825396826
AKR1A2,AKR1C35,41.5873015873016
AKR1A2,AKR1D1,44.7619047619048
AKR1A2,AKR1D2,45.859872611465
AKR1A2,AKR1D3,43.8095238095238
AKR1A2,AKR1D4,15.2777777777778
AKR1A2,AKR1E1,48.494983277592
AKR1A2,AKR1E2,45.4849498327759
AKR1A2,AKR6A1,21.3523131672598
AKR1A2,AKR6A2,21.3523131672598
AKR1A2,AKR6A3,21.7081850533808
AKR1A2,AKR6A4,20.9964412811388
AKR1A2,AKR6A5,21.3523131672598
AKR1A2,AKR6A6,21.3523131672598
AKR1A2,AKR6A7,21.7081850533808
AKR1A2,AKR6A8,21.7081850533808
AKR1A2,AKR6A9,19.1335740072202
AKR1A2,AKR6A10a,22.0640569395018
AKR1A2,AKR6A10b,21.3523131672598
AKR1A2,AKR6A12,20.5776173285199
AKR1A2,AKR6A13,21.7081850533808
AKR1A2,AKR6A14,20.2166064981949
AKR1A2,AKR7A1,23.8970588235294
AKR1A2,AKR7A2,26.3345195729537
AKR1A2,AKR7A3,23.7226277372263
AKR1A2,AKR7A4,25.1824817518248
AKR1A2,AKR7A5,23.2974910394265
AKR1A3,AKR1A4,97.2307692307692
AKR1A3,AKR1B1,51.2738853503185
AKR1A3,AKR1B2,51.5923566878981
AKR1A3,AKR1B3,51.2738853503185
AKR1A3,AKR1B4,51.2738853503185
AKR1A3,AKR1B5,49.5207667731629
AKR1A3,AKR1B6,52.2292993630573
AKR1A3,AKR1B7,50.3184713375796
AKR1A3,AKR1B8,50.3184713375796
AKR1A3,AKR1B9,48.7261146496815
AKR1A3,AKR1B10,51.5923566878981
AKR1A3,AKR1B13,50
AKR1A3,AKR1B14,49.3630573248408
AKR1A3,AKR1B15,48.4076433121019
AKR1A3,AKR1B18,49.0445859872611
AKR1A3,AKR1B19,51.9108280254777
AKR1A3,AKR1C1,44.1269841269841
AKR1A3,AKR1C2,43.8095238095238
AKR1A3,AKR1C3,41.9047619047619
AKR1A3,AKR1C4,43.1746031746032
AKR1A3,AKR1C5,42.8571428571429
AKR1A3,AKR1C6,42.8571428571429
AKR1A3,AKR1C7,41.9047619047619
AKR1A3,AKR1C8,39.3650793650794
AKR1A3,AKR1C9,39.171974522293
AKR1A3,AKR1C11,42.2222222222222
AKR1A3,AKR1C12,41.9047619047619
AKR1A3,AKR1C13,42.8571428571429
AKR1A3,AKR1C14,38.0952380952381
AKR1A3,AKR1C15,41.5873015873016
AKR1A3,AKR1C16,42.6282051282051
AKR1A3,AKR1C17,41.0828025477707
AKR1A3,AKR1C18,40.8304498269896
AKR1A3,AKR1C19,41.9047619047619
AKR1A3,AKR1C20,42.4603174603175
AKR1A3,AKR1C21,40.9523809523809
AKR1A3,AKR1C22,43.1746031746032
AKR1A3,AKR1C23,42.3566878980892
AKR1A3,AKR1C24,40.3174603174603
AKR1A3,AKR1C25,42.8571428571429
AKR1A3,AKR1C26,43.4920634920635
AKR1A3,AKR1C27,44.7619047619048
AKR1A3,AKR1C28,44.7619047619048
AKR1A3,AKR1C29,44.4444444444444
AKR1A3,AKR1C30,44.1269841269841
AKR1A3,AKR1C31,43.4920634920635
AKR1A3,AKR1C32,44.4444444444444
AKR1A3,AKR1C33,42.6751592356688
AKR1A3,AKR1C34,42.8571428571429
AKR1A3,AKR1C35,41.5873015873016
AKR1A3,AKR1D1,43.1746031746032
AKR1A3,AKR1D2,45.2229299363057
AKR1A3,AKR1D3,43.8095238095238
AKR1A3,AKR1D4,14.9305555555556
AKR1A3,AKR1E1,48.494983277592
AKR1A3,AKR1E2,46.8227424749164
AKR1A3,AKR6A1,22.4199288256228
AKR1A3,AKR6A2,22.4199288256228
AKR1A3,AKR6A3,22.4199288256228
AKR1A3,AKR6A4,22.0640569395018
AKR1A3,AKR6A5,22.4199288256228
AKR1A3,AKR6A6,22.4199288256228
AKR1A3,AKR6A7,22.4199288256228
AKR1A3,AKR6A8,22.4199288256228
AKR1A3,AKR6A9,20.2166064981949
AKR1A3,AKR6A10a,22.7758007117438
AKR1A3,AKR6A10b,22.4199288256228
AKR1A3,AKR6A12,21.6606498194946
AKR1A3,AKR6A13,22.4199288256228
AKR1A3,AKR6A14,21.2996389891697
AKR1A3,AKR7A1,25
AKR1A3,AKR7A2,26.6903914590747
AKR1A3,AKR7A3,24.8175182481752
AKR1A3,AKR7A4,25.5474452554745
AKR1A3,AKR7A5,23.2974910394265
AKR1A4,AKR1B1,50.6369426751592
AKR1A4,AKR1B2,51.9108280254777
AKR1A4,AKR1B3,51.5923566878981
AKR1A4,AKR1B4,51.5923566878981
AKR1A4,AKR1B5,49.5207667731629
AKR1A4,AKR1B6,52.2292993630573
AKR1A4,AKR1B7,50.3184713375796
AKR1A4,AKR1B8,50.9554140127389
AKR1A4,AKR1B9,49.3630573248408
AKR1A4,AKR1B10,51.5923566878981
AKR1A4,AKR1B13,50.6369426751592
AKR1A4,AKR1B14,50
AKR1A4,AKR1B15,49.0445859872611
AKR1A4,AKR1B18,49.6815286624204
AKR1A4,AKR1B19,52.5477707006369
AKR1A4,AKR1C1,45.3968253968254
AKR1A4,AKR1C2,45.0793650793651
AKR1A4,AKR1C3,43.1746031746032
AKR1A4,AKR1C4,44.4444444444444
AKR1A4,AKR1C5,43.4920634920635
AKR1A4,AKR1C6,43.8095238095238
AKR1A4,AKR1C7,42.5396825396826
AKR1A4,AKR1C8,40
AKR1A4,AKR1C9,40.1273885350318
AKR1A4,AKR1C11,43.4920634920635
AKR1A4,AKR1C12,41.9047619047619
AKR1A4,AKR1C13,42.8571428571429
AKR1A4,AKR1C14,38.7301587301587
AKR1A4,AKR1C15,42.2222222222222
AKR1A4,AKR1C16,43.2692307692308
AKR1A4,AKR1C17,41.7197452229299
AKR1A4,AKR1C18,41.522491349481
AKR1A4,AKR1C19,42.5396825396826
AKR1A4,AKR1C20,43.2539682539683
AKR1A4,AKR1C21,41.9047619047619
AKR1A4,AKR1C22,43.1746031746032
AKR1A4,AKR1C23,43.6305732484076
AKR1A4,AKR1C24,40.3174603174603
AKR1A4,AKR1C25,44.1269841269841
AKR1A4,AKR1C26,43.8095238095238
AKR1A4,AKR1C27,45.0793650793651
AKR1A4,AKR1C28,45.0793650793651
AKR1A4,AKR1C29,45.0793650793651
AKR1A4,AKR1C30,44.1269841269841
AKR1A4,AKR1C31,43.4920634920635
AKR1A4,AKR1C32,45.0793650793651
AKR1A4,AKR1C33,43.9490445859873
AKR1A4,AKR1C34,42.8571428571429
AKR1A4,AKR1C35,41.5873015873016
AKR1A4,AKR1D1,43.4920634920635
AKR1A4,AKR1D2,44.9044585987261
AKR1A4,AKR1D3,44.1269841269841
AKR1A4,AKR1D4,14.5833333333333
AKR1A4,AKR1E1,48.8294314381271
AKR1A4,AKR1E2,46.8227424749164
AKR1A4,AKR6A1,22.7758007117438
AKR1A4,AKR6A2,23.1316725978648
AKR1A4,AKR6A3,22.4199288256228
AKR1A4,AKR6A4,22.7758007117438
AKR1A4,AKR6A5,23.1316725978648
AKR1A4,AKR6A6,23.1316725978648
AKR1A4,AKR6A7,22.4199288256228
AKR1A4,AKR6A8,22.4199288256228
AKR1A4,AKR6A9,20.9386281588448
AKR1A4,AKR6A10a,22.7758007117438
AKR1A4,AKR6A10b,22.4199288256228
AKR1A4,AKR6A12,22.0216606498195
AKR1A4,AKR6A13,22.4199288256228
AKR1A4,AKR6A14,21.6606498194946
AKR1A4,AKR7A1,25.3676470588235
AKR1A4,AKR7A2,27.0462633451957
AKR1A4,AKR7A3,25.1824817518248
AKR1A4,AKR7A4,25.9124087591241
AKR1A4,AKR7A5,23.6559139784946
AKR1B1,AKR1B2,88.9240506329114
AKR1B1,AKR1B3,85.4430379746835
AKR1B1,AKR1B4,85.4430379746835
AKR1B1,AKR1B5,86.3492063492064
AKR1B1,AKR1B6,86.7088607594937
AKR1B1,AKR1B7,71.2025316455696
AKR1B1,AKR1B8,70.253164556962
AKR1B1,AKR1B9,70.8860759493671
AKR1B1,AKR1B10,70.5696202531646
AKR1B1,AKR1B13,71.2025316455696
AKR1B1,AKR1B14,68.9873417721519
AKR1B1,AKR1B15,67.4050632911392
AKR1B1,AKR1B18,69.620253164557
AKR1B1,AKR1B19,72.4683544303797
AKR1B1,AKR1C1,48.4177215189873
AKR1B1,AKR1C2,48.7341772151899
AKR1B1,AKR1C3,47.7848101265823
AKR1B1,AKR1C4,48.4177215189873
AKR1B1,AKR1C5,51.2658227848101
AKR1B1,AKR1C6,48.7341772151899
AKR1B1,AKR1C7,49.6835443037975
AKR1B1,AKR1C8,45.8860759493671
AKR1B1,AKR1C9,46.6666666666667
AKR1B1,AKR1C11,49.6835443037975
AKR1B1,AKR1C12,47.7848101265823
AKR1B1,AKR1C13,47.1518987341772
AKR1B1,AKR1C14,45.8860759493671
AKR1B1,AKR1C15,50.3164556962025
AKR1B1,AKR1C16,46.8152866242038
AKR1B1,AKR1C17,44.4444444444444
AKR1B1,AKR1C18,47.2413793103448
AKR1B1,AKR1C19,48.7341772151899
AKR1B1,AKR1C20,50.5928853754941
AKR1B1,AKR1C21,45.8860759493671
AKR1B1,AKR1C22,46.8354430379747
AKR1B1,AKR1C23,49.2063492063492
AKR1B1,AKR1C24,46.2025316455696
AKR1B1,AKR1C25,48.1012658227848
AKR1B1,AKR1C26,51.2658227848101
AKR1B1,AKR1C27,50.6329113924051
AKR1B1,AKR1C28,50
AKR1B1,AKR1C29,52.5316455696203
AKR1B1,AKR1C30,50.3164556962025
AKR1B1,AKR1C31,50.9493670886076
AKR1B1,AKR1C32,50.6329113924051
AKR1B1,AKR1C33,49.2063492063492
AKR1B1,AKR1C34,44.3037974683544
AKR1B1,AKR1C35,44.9367088607595
AKR1B1,AKR1D1,50.6329113924051
AKR1B1,AKR1D2,53.3333333333333
AKR1B1,AKR1D3,48.7341772151899
AKR1B1,AKR1D4,15.7706093189964
AKR1B1,AKR1E1,60.4651162790698
AKR1B1,AKR1E2,59.8006644518272
AKR1B1,AKR6A1,25.3571428571429
AKR1B1,AKR6A2,25.7142857142857
AKR1B1,AKR6A3,23.5714285714286
AKR1B1,AKR6A4,25.3571428571429
AKR1B1,AKR6A5,25.3571428571429
AKR1B1,AKR6A6,25.7142857142857
AKR1B1,AKR6A7,23.5714285714286
AKR1B1,AKR6A8,23.5714285714286
AKR1B1,AKR6A9,22.1014492753623
AKR1B1,AKR6A10a,24.2857142857143
AKR1B1,AKR6A10b,23.9285714285714
AKR1B1,AKR6A12,22.8260869565217
AKR1B1,AKR6A13,23.5714285714286
AKR1B1,AKR6A14,22.463768115942
AKR1B1,AKR7A1,20.8029197080292
AKR1B1,AKR7A2,23.4042553191489
AKR1B1,AKR7A3,21.0144927536232
AKR1B1,AKR7A4,22.1014492753623
AKR1B1,AKR7A5,21.0714285714286
AKR1B2,AKR1B3,88.2911392405063
AKR1B2,AKR1B4,87.9746835443038
AKR1B2,AKR1B5,86.6666666666667
AKR1B2,AKR1B6,86.3924050632911
AKR1B2,AKR1B7,71.2025316455696
AKR1B2,AKR1B8,71.5189873417721
AKR1B2,AKR1B9,71.8354430379747
AKR1B2,AKR1B10,72.1518987341772
AKR1B2,AKR1B13,72.4683544303797
AKR1B2,AKR1B14,69.9367088607595
AKR1B2,AKR1B15,69.3037974683544
AKR1B2,AKR1B18,71.5189873417721
AKR1B2,AKR1B19,72.7848101265823
AKR1B2,AKR1C1,49.6835443037975
AKR1B2,AKR1C2,50
AKR1B2,AKR1C3,49.0506329113924
AKR1B2,AKR1C4,49.0506329113924
AKR1B2,AKR1C5,51.5822784810127
AKR1B2,AKR1C6,49.6835443037975
AKR1B2,AKR1C7,49.6835443037975
AKR1B2,AKR1C8,46.5189873417722
AKR1B2,AKR1C9,46.984126984127
AKR1B2,AKR1C11,50.3164556962025
AKR1B2,AKR1C12,49.0506329113924
AKR1B2,AKR1C13,48.4177215189873
AKR1B2,AKR1C14,46.2025316455696
AKR1B2,AKR1C15,50.9493670886076
AKR1B2,AKR1C16,49.0445859872611
AKR1B2,AKR1C17,47.3015873015873
AKR1B2,AKR1C18,47.2413793103448
AKR1B2,AKR1C19,49.3670886075949
AKR1B2,AKR1C20,50.5928853754941
AKR1B2,AKR1C21,46.2025316455696
AKR1B2,AKR1C22,48.1012658227848
AKR1B2,AKR1C23,50.4761904761905
AKR1B2,AKR1C24,48.1012658227848
AKR1B2,AKR1C25,48.4177215189873
AKR1B2,AKR1C26,50.9493670886076
AKR1B2,AKR1C27,50
AKR1B2,AKR1C28,49.6835443037975
AKR1B2,AKR1C29,53.1645569620253
AKR1B2,AKR1C30,50.9493670886076
AKR1B2,AKR1C31,51.2658227848101
AKR1B2,AKR1C32,50.6329113924051
AKR1B2,AKR1C33,49.5238095238095
AKR1B2,AKR1C34,46.2025316455696
AKR1B2,AKR1C35,47.4683544303797
AKR1B2,AKR1D1,49.0506329113924
AKR1B2,AKR1D2,53.015873015873
AKR1B2,AKR1D3,48.7341772151899
AKR1B2,AKR1D4,13.9784946236559
AKR1B2,AKR1E1,63.1229235880399
AKR1B2,AKR1E2,61.1295681063123
AKR1B2,AKR6A1,25
AKR1B2,AKR6A2,25
AKR1B2,AKR6A3,23.2142857142857
AKR1B2,AKR6A4,24.6428571428571
AKR1B2,AKR6A5,25
AKR1B2,AKR6A6,25
AKR1B2,AKR6A7,23.2142857142857
AKR1B2,AKR6A8,23.2142857142857
AKR1B2,AKR6A9,21.3768115942029
AKR1B2,AKR6A10a,23.5714285714286
AKR1B2,AKR6A10b,23.2142857142857
AKR1B2,AKR6A12,21.7391304347826
AKR1B2,AKR6A13,23.2142857142857
AKR1B2,AKR6A14,21.3768115942029
AKR1B2,AKR7A1,19.7080291970803
AKR1B2,AKR7A2,22.3404255319149
AKR1B2,AKR7A3,19.5652173913043
AKR1B2,AKR7A4,21.0144927536232
AKR1B2,AKR7A5,19.6428571428571
AKR1B3,AKR1B4,96.8354430379747
AKR1B3,AKR1B5,83.8095238095238
AKR1B3,AKR1B6,84.4936708860759
AKR1B3,AKR1B7,69.3037974683544
AKR1B3,AKR1B8,68.9873417721519
AKR1B3,AKR1B9,69.620253164557
AKR1B3,AKR1B10,70.253164556962
AKR1B3,AKR1B13,68.9873417721519
AKR1B3,AKR1B14,67.4050632911392
AKR1B3,AKR1B15,67.4050632911392
AKR1B3,AKR1B18,68.9873417721519
AKR1B3,AKR1B19,69.620253164557
AKR1B3,AKR1C1,47.4683544303797
AKR1B3,AKR1C2,47.4683544303797
AKR1B3,AKR1C3,47.1518987341772
AKR1B3,AKR1C4,49.0506329113924
AKR1B3,AKR1C5,50.9493670886076
AKR1B3,AKR1C6,49.6835443037975
AKR1B3,AKR1C7,48.1012658227848
AKR1B3,AKR1C8,45.253164556962
AKR1B3,AKR1C9,46.6666666666667
AKR1B3,AKR1C11,48.4177215189873
AKR1B3,AKR1C12,48.1012658227848
AKR1B3,AKR1C13,47.4683544303797
AKR1B3,AKR1C14,46.2025316455696
AKR1B3,AKR1C15,50.3164556962025
AKR1B3,AKR1C16,47.7707006369427
AKR1B3,AKR1C17,46.031746031746
AKR1B3,AKR1C18,45.8620689655172
AKR1B3,AKR1C19,48.1012658227848
AKR1B3,AKR1C20,50.9881422924901
AKR1B3,AKR1C21,45.5696202531646
AKR1B3,AKR1C22,47.1518987341772
AKR1B3,AKR1C23,49.5238095238095
AKR1B3,AKR1C24,47.7848101265823
AKR1B3,AKR1C25,47.4683544303797
AKR1B3,AKR1C26,49.6835443037975
AKR1B3,AKR1C27,48.1012658227848
AKR1B3,AKR1C28,48.1012658227848
AKR1B3,AKR1C29,52.8481012658228
AKR1B3,AKR1C30,51.5822784810127
AKR1B3,AKR1C31,51.2658227848101
AKR1B3,AKR1C32,49.3670886075949
AKR1B3,AKR1C33,49.8412698412698
AKR1B3,AKR1C34,44.9367088607595
AKR1B3,AKR1C35,45.8860759493671
AKR1B3,AKR1D1,49.0506329113924
AKR1B3,AKR1D2,51.4285714285714
AKR1B3,AKR1D3,47.1518987341772
AKR1B3,AKR1D4,14.6953405017921
AKR1B3,AKR1E1,61.4617940199335
AKR1B3,AKR1E2,59.1362126245847
AKR1B3,AKR6A1,25.3571428571429
AKR1B3,AKR6A2,25.3571428571429
AKR1B3,AKR6A3,24.2857142857143
AKR1B3,AKR6A4,25
AKR1B3,AKR6A5,25.3571428571429
AKR1B3,AKR6A6,25.3571428571429
AKR1B3,AKR6A7,24.2857142857143
AKR1B3,AKR6A8,24.2857142857143
AKR1B3,AKR6A9,22.463768115942
AKR1B3,AKR6A10a,24.6428571428571
AKR1B3,AKR6A10b,24.2857142857143
AKR1B3,AKR6A12,23.1884057971014
AKR1B3,AKR6A13,24.2857142857143
AKR1B3,AKR6A14,22.8260869565217
AKR1B3,AKR7A1,21.8978102189781
AKR1B3,AKR7A2,24.468085106383
AKR1B3,AKR7A3,22.1014492753623
AKR1B3,AKR7A4,23.1884057971014
AKR1B3,AKR7A5,21.4285714285714
AKR1B4,AKR1B5,83.8095238095238
AKR1B4,AKR1B6,84.4936708860759
AKR1B4,AKR1B7,68.9873417721519
AKR1B4,AKR1B8,68.9873417721519
AKR1B4,AKR1B9,70.5696202531646
AKR1B4,AKR1B10,70.8860759493671
AKR1B4,AKR1B13,69.3037974683544
AKR1B4,AKR1B14,67.4050632911392
AKR1B4,AKR1B15,68.0379746835443
AKR1B4,AKR1B18,68.9873417721519
AKR1B4,AKR1B19,69.620253164557
AKR1B4,AKR1C1,46.8354430379747
AKR1B4,AKR1C2,46.8354430379747
AKR1B4,AKR1C3,46.8354430379747
AKR1B4,AKR1C4,48.4177215189873
AKR1B4,AKR1C5,50.3164556962025
AKR1B4,AKR1C6,49.3670886075949
AKR1B4,AKR1C7,47.7848101265823
AKR1B4,AKR1C8,44.9367088607595
AKR1B4,AKR1C9,46.031746031746
AKR1B4,AKR1C11,48.1012658227848
AKR1B4,AKR1C12,47.7848101265823
AKR1B4,AKR1C13,47.1518987341772
AKR1B4,AKR1C14,45.5696202531646
AKR1B4,AKR1C15,50.6329113924051
AKR1B4,AKR1C16,47.452229299363
AKR1B4,AKR1C17,45.7142857142857
AKR1B4,AKR1C18,45.5172413793103
AKR1B4,AKR1C19,47.7848101265823
AKR1B4,AKR1C20,50.5928853754941
AKR1B4,AKR1C21,45.253164556962
AKR1B4,AKR1C22,46.8354430379747
AKR1B4,AKR1C23,48.8888888888889
AKR1B4,AKR1C24,47.4683544303797
AKR1B4,AKR1C25,46.8354430379747
AKR1B4,AKR1C26,49.0506329113924
AKR1B4,AKR1C27,47.4683544303797
AKR1B4,AKR1C28,47.4683544303797
AKR1B4,AKR1C29,52.5316455696203
AKR1B4,AKR1C30,51.2658227848101
AKR1B4,AKR1C31,50.9493670886076
AKR1B4,AKR1C32,49.0506329113924
AKR1B4,AKR1C33,49.2063492063492
AKR1B4,AKR1C34,44.620253164557
AKR1B4,AKR1C35,45.253164556962
AKR1B4,AKR1D1,49.6835443037975
AKR1B4,AKR1D2,52.0634920634921
AKR1B4,AKR1D3,47.7848101265823
AKR1B4,AKR1D4,14.6953405017921
AKR1B4,AKR1E1,61.4617940199335
AKR1B4,AKR1E2,59.1362126245847
AKR1B4,AKR6A1,25
AKR1B4,AKR6A2,25
AKR1B4,AKR6A3,23.5714285714286
AKR1B4,AKR6A4,24.6428571428571
AKR1B4,AKR6A5,25
AKR1B4,AKR6A6,25
AKR1B4,AKR6A7,23.5714285714286
AKR1B4,AKR6A8,23.5714285714286
AKR1B4,AKR6A9,22.463768115942
AKR1B4,AKR6A10a,23.9285714285714
AKR1B4,AKR6A10b,23.5714285714286
AKR1B4,AKR6A12,23.1884057971014
AKR1B4,AKR6A13,23.5714285714286
AKR1B4,AKR6A14,22.8260869565217
AKR1B4,AKR7A1,21.1678832116788
AKR1B4,AKR7A2,23.758865248227
AKR1B4,AKR7A3,21.3768115942029
AKR1B4,AKR7A4,22.463768115942
AKR1B4,AKR7A5,20.7142857142857
AKR1B5,AKR1B6,89.8412698412698
AKR1B5,AKR1B7,68.8888888888889
AKR1B5,AKR1B8,68.8888888888889
AKR1B5,AKR1B9,69.2063492063492
AKR1B5,AKR1B10,72.0634920634921
AKR1B5,AKR1B13,69.2063492063492
AKR1B5,AKR1B14,68.2539682539683
AKR1B5,AKR1B15,68.5714285714286
AKR1B5,AKR1B18,70.1587301587302
AKR1B5,AKR1B19,71.4285714285714
AKR1B5,AKR1C1,47.9365079365079
AKR1B5,AKR1C2,48.2539682539682
AKR1B5,AKR1C3,47.9365079365079
AKR1B5,AKR1C4,47.6190476190476
AKR1B5,AKR1C5,50.4761904761905
AKR1B5,AKR1C6,49.8412698412698
AKR1B5,AKR1C7,48.8888888888889
AKR1B5,AKR1C8,45.7142857142857
AKR1B5,AKR1C9,45.859872611465
AKR1B5,AKR1C11,49.5238095238095
AKR1B5,AKR1C12,48.2539682539682
AKR1B5,AKR1C13,47.6190476190476
AKR1B5,AKR1C14,45.0793650793651
AKR1B5,AKR1C15,50.1587301587302
AKR1B5,AKR1C16,47.7707006369427
AKR1B5,AKR1C17,45.5414012738853
AKR1B5,AKR1C18,46.3667820069204
AKR1B5,AKR1C19,48.5714285714286
AKR1B5,AKR1C20,51.5873015873016
AKR1B5,AKR1C21,45.7142857142857
AKR1B5,AKR1C22,47.3015873015873
AKR1B5,AKR1C23,49.6815286624204
AKR1B5,AKR1C24,46.984126984127
AKR1B5,AKR1C25,46.984126984127
AKR1B5,AKR1C26,49.2063492063492
AKR1B5,AKR1C27,48.2539682539682
AKR1B5,AKR1C28,47.9365079365079
AKR1B5,AKR1C29,51.7460317460318
AKR1B5,AKR1C30,49.8412698412698
AKR1B5,AKR1C31,50.7936507936508
AKR1B5,AKR1C32,49.5238095238095
AKR1B5,AKR1C33,48.4076433121019
AKR1B5,AKR1C34,44.4444444444444
AKR1B5,AKR1C35,45.0793650793651
AKR1B5,AKR1D1,49.8412698412698
AKR1B5,AKR1D2,53.1847133757962
AKR1B5,AKR1D3,48.2539682539682
AKR1B5,AKR1D4,14.3884892086331
AKR1B5,AKR1E1,60.6666666666667
AKR1B5,AKR1E2,59.3333333333333
AKR1B5,AKR6A1,22.2222222222222
AKR1B5,AKR6A2,22.5806451612903
AKR1B5,AKR6A3,21.8637992831541
AKR1B5,AKR6A4,22.2222222222222
AKR1B5,AKR6A5,22.2222222222222
AKR1B5,AKR6A6,22.5806451612903
AKR1B5,AKR6A7,21.8637992831541
AKR1B5,AKR6A8,21.8637992831541
AKR1B5,AKR6A9,20.3636363636364
AKR1B5,AKR6A10a,22.2222222222222
AKR1B5,AKR6A10b,21.8637992831541
AKR1B5,AKR6A12,20.7272727272727
AKR1B5,AKR6A13,21.8637992831541
AKR1B5,AKR6A14,20.3636363636364
AKR1B5,AKR7A1,20.8791208791209
AKR1B5,AKR7A2,23.4875444839858
AKR1B5,AKR7A3,21.0909090909091
AKR1B5,AKR7A4,22.1818181818182
AKR1B5,AKR7A5,21.1469534050179
AKR1B6,AKR1B7,69.3037974683544
AKR1B6,AKR1B8,68.9873417721519
AKR1B6,AKR1B9,69.3037974683544
AKR1B6,AKR1B10,71.5189873417721
AKR1B6,AKR1B13,68.9873417721519
AKR1B6,AKR1B14,67.4050632911392
AKR1B6,AKR1B15,67.7215189873418
AKR1B6,AKR1B18,68.9873417721519
AKR1B6,AKR1B19,70.5696202531646
AKR1B6,AKR1C1,49.0506329113924
AKR1B6,AKR1C2,49.3670886075949
AKR1B6,AKR1C3,48.7341772151899
AKR1B6,AKR1C4,48.7341772151899
AKR1B6,AKR1C5,51.5822784810127
AKR1B6,AKR1C6,50
AKR1B6,AKR1C7,49.6835443037975
AKR1B6,AKR1C8,46.5189873417722
AKR1B6,AKR1C9,45.3968253968254
AKR1B6,AKR1C11,50
AKR1B6,AKR1C12,49.0506329113924
AKR1B6,AKR1C13,47.7848101265823
AKR1B6,AKR1C14,45.253164556962
AKR1B6,AKR1C15,51.5822784810127
AKR1B6,AKR1C16,48.4076433121019
AKR1B6,AKR1C17,46.3492063492063
AKR1B6,AKR1C18,47.2413793103448
AKR1B6,AKR1C19,48.7341772151899
AKR1B6,AKR1C20,51.3833992094862
AKR1B6,AKR1C21,46.5189873417722
AKR1B6,AKR1C22,47.4683544303797
AKR1B6,AKR1C23,50.1587301587302
AKR1B6,AKR1C24,47.7848101265823
AKR1B6,AKR1C25,48.4177215189873
AKR1B6,AKR1C26,50.6329113924051
AKR1B6,AKR1C27,49.6835443037975
AKR1B6,AKR1C28,49.0506329113924
AKR1B6,AKR1C29,53.1645569620253
AKR1B6,AKR1C30,50.9493670886076
AKR1B6,AKR1C31,52.2151898734177
AKR1B6,AKR1C32,50.6329113924051
AKR1B6,AKR1C33,49.2063492063492
AKR1B6,AKR1C34,45.8860759493671
AKR1B6,AKR1C35,46.8354430379747
AKR1B6,AKR1D1,50
AKR1B6,AKR1D2,52.3809523809524
AKR1B6,AKR1D3,48.1012658227848
AKR1B6,AKR1D4,15.4121863799283
AKR1B6,AKR1E1,60.797342192691
AKR1B6,AKR1E2,58.8039867109634
AKR1B6,AKR6A1,24.6428571428571
AKR1B6,AKR6A2,25
AKR1B6,AKR6A3,23.5714285714286
AKR1B6,AKR6A4,24.6428571428571
AKR1B6,AKR6A5,24.6428571428571
AKR1B6,AKR6A6,25
AKR1B6,AKR6A7,23.5714285714286
AKR1B6,AKR6A8,23.5714285714286
AKR1B6,AKR6A9,22.463768115942
AKR1B6,AKR6A10a,23.9285714285714
AKR1B6,AKR6A10b,23.5714285714286
AKR1B6,AKR6A12,23.1884057971014
AKR1B6,AKR6A13,23.5714285714286
AKR1B6,AKR6A14,22.8260869565217
AKR1B6,AKR7A1,22.2627737226277
AKR1B6,AKR7A2,25.177304964539
AKR1B6,AKR7A3,22.463768115942
AKR1B6,AKR7A4,23.5507246376812
AKR1B6,AKR7A5,22.5
AKR1B7,AKR1B8,82.2784810126582
AKR1B7,AKR1B9,79.4303797468354
AKR1B7,AKR1B10,79.746835443038
AKR1B7,AKR1B13,81.9620253164557
AKR1B7,AKR1B14,86.7088607594937
AKR1B7,AKR1B15,76.8987341772152
AKR1B7,AKR1B18,85.4430379746835
AKR1B7,AKR1B19,79.746835443038
AKR1B7,AKR1C1,46.2025316455696
AKR1B7,AKR1C2,46.8354430379747
AKR1B7,AKR1C3,45.5696202531646
AKR1B7,AKR1C4,47.1518987341772
AKR1B7,AKR1C5,48.1012658227848
AKR1B7,AKR1C6,45.5696202531646
AKR1B7,AKR1C7,46.2025316455696
AKR1B7,AKR1C8,43.0379746835443
AKR1B7,AKR1C9,44.4444444444444
AKR1B7,AKR1C11,45.8860759493671
AKR1B7,AKR1C12,45.5696202531646
AKR1B7,AKR1C13,45.5696202531646
AKR1B7,AKR1C14,42.7215189873418
AKR1B7,AKR1C15,46.8354430379747
AKR1B7,AKR1C16,47.452229299363
AKR1B7,AKR1C17,45.7142857142857
AKR1B7,AKR1C18,42.7586206896552
AKR1B7,AKR1C19,44.9367088607595
AKR1B7,AKR1C20,47.0355731225296
AKR1B7,AKR1C21,42.0886075949367
AKR1B7,AKR1C22,45.253164556962
AKR1B7,AKR1C23,46.3492063492063
AKR1B7,AKR1C24,45.253164556962
AKR1B7,AKR1C25,46.2025316455696
AKR1B7,AKR1C26,46.8354430379747
AKR1B7,AKR1C27,46.5189873417722
AKR1B7,AKR1C28,46.5189873417722
AKR1B7,AKR1C29,49.0506329113924
AKR1B7,AKR1C30,47.4683544303797
AKR1B7,AKR1C31,46.8354430379747
AKR1B7,AKR1C32,46.8354430379747
AKR1B7,AKR1C33,45.0793650793651
AKR1B7,AKR1C34,44.620253164557
AKR1B7,AKR1C35,46.5189873417722
AKR1B7,AKR1D1,49.3670886075949
AKR1B7,AKR1D2,48.8888888888889
AKR1B7,AKR1D3,49.0506329113924
AKR1B7,AKR1D4,12.9032258064516
AKR1B7,AKR1E1,60.797342192691
AKR1B7,AKR1E2,59.8006644518272
AKR1B7,AKR6A1,22.1428571428571
AKR1B7,AKR6A2,22.1428571428571
AKR1B7,AKR6A3,22.8571428571429
AKR1B7,AKR6A4,21.7857142857143
AKR1B7,AKR6A5,22.1428571428571
AKR1B7,AKR6A6,22.1428571428571
AKR1B7,AKR6A7,22.8571428571429
AKR1B7,AKR6A8,22.8571428571429
AKR1B7,AKR6A9,21.0144927536232
AKR1B7,AKR6A10a,23.2142857142857
AKR1B7,AKR6A10b,22.8571428571429
AKR1B7,AKR6A12,21.7391304347826
AKR1B7,AKR6A13,22.8571428571429
AKR1B7,AKR6A14,21.3768115942029
AKR1B7,AKR7A1,18.6131386861314
AKR1B7,AKR7A2,20.9219858156028
AKR1B7,AKR7A3,18.8405797101449
AKR1B7,AKR7A4,19.5652173913043
AKR1B7,AKR7A5,17.8571428571429
AKR1B8,AKR1B9,92.0886075949367
AKR1B8,AKR1B10,82.2784810126582
AKR1B8,AKR1B13,94.620253164557
AKR1B8,AKR1B14,83.5443037974684
AKR1B8,AKR1B15,80.379746835443
AKR1B8,AKR1B18,84.4936708860759
AKR1B8,AKR1B19,84.8101265822785
AKR1B8,AKR1C1,47.4683544303797
AKR1B8,AKR1C2,47.7848101265823
AKR1B8,AKR1C3,45.8860759493671
AKR1B8,AKR1C4,47.1518987341772
AKR1B8,AKR1C5,49.0506329113924
AKR1B8,AKR1C6,44.9367088607595
AKR1B8,AKR1C7,45.8860759493671
AKR1B8,AKR1C8,42.4050632911392
AKR1B8,AKR1C9,44.4444444444444
AKR1B8,AKR1C11,48.1012658227848
AKR1B8,AKR1C12,46.5189873417722
AKR1B8,AKR1C13,47.1518987341772
AKR1B8,AKR1C14,43.3544303797468
AKR1B8,AKR1C15,46.5189873417722
AKR1B8,AKR1C16,47.452229299363
AKR1B8,AKR1C17,45.3968253968254
AKR1B8,AKR1C18,42.7586206896552
AKR1B8,AKR1C19,46.2025316455696
AKR1B8,AKR1C20,47.4308300395257
AKR1B8,AKR1C21,43.3544303797468
AKR1B8,AKR1C22,46.8354430379747
AKR1B8,AKR1C23,47.9365079365079
AKR1B8,AKR1C24,45.5696202531646
AKR1B8,AKR1C25,46.5189873417722
AKR1B8,AKR1C26,47.1518987341772
AKR1B8,AKR1C27,47.7848101265823
AKR1B8,AKR1C28,47.4683544303797
AKR1B8,AKR1C29,48.7341772151899
AKR1B8,AKR1C30,47.1518987341772
AKR1B8,AKR1C31,47.4683544303797
AKR1B8,AKR1C32,47.4683544303797
AKR1B8,AKR1C33,46.3492063492063
AKR1B8,AKR1C34,44.620253164557
AKR1B8,AKR1C35,46.5189873417722
AKR1B8,AKR1D1,49.6835443037975
AKR1B8,AKR1D2,49.8412698412698
AKR1B8,AKR1D3,49.0506329113924
AKR1B8,AKR1D4,13.6200716845878
AKR1B8,AKR1E1,59.468438538206
AKR1B8,AKR1E2,59.1362126245847
AKR1B8,AKR6A1,23.9285714285714
AKR1B8,AKR6A2,23.9285714285714
AKR1B8,AKR6A3,23.2142857142857
AKR1B8,AKR6A4,23.5714285714286
AKR1B8,AKR6A5,23.9285714285714
AKR1B8,AKR6A6,23.9285714285714
AKR1B8,AKR6A7,23.2142857142857
AKR1B8,AKR6A8,23.2142857142857
AKR1B8,AKR6A9,21.7391304347826
AKR1B8,AKR6A10a,23.5714285714286
AKR1B8,AKR6A10b,23.2142857142857
AKR1B8,AKR6A12,22.1014492753623
AKR1B8,AKR6A13,23.2142857142857
AKR1B8,AKR6A14,21.7391304347826
AKR1B8,AKR7A1,17.8832116788321
AKR1B8,AKR7A2,20.5673758865248
AKR1B8,AKR7A3,18.8405797101449
AKR1B8,AKR7A4,19.2028985507246
AKR1B8,AKR7A5,17.8571428571429
AKR1B9,AKR1B10,83.2278481012658
AKR1B9,AKR1B13,91.1392405063291
AKR1B9,AKR1B14,81.3291139240506
AKR1B9,AKR1B15,81.6455696202532
AKR1B9,AKR1B18,81.3291139240506
AKR1B9,AKR1B19,85.126582278481
AKR1B9,AKR1C1,48.1012658227848
AKR1B9,AKR1C2,48.4177215189873
AKR1B9,AKR1C3,47.1518987341772
AKR1B9,AKR1C4,48.1012658227848
AKR1B9,AKR1C5,49.0506329113924
AKR1B9,AKR1C6,45.5696202531646
AKR1B9,AKR1C7,47.4683544303797
AKR1B9,AKR1C8,43.6708860759494
AKR1B9,AKR1C9,46.031746031746
AKR1B9,AKR1C11,48.4177215189873
AKR1B9,AKR1C12,47.4683544303797
AKR1B9,AKR1C13,48.1012658227848
AKR1B9,AKR1C14,44.9367088607595
AKR1B9,AKR1C15,47.7848101265823
AKR1B9,AKR1C16,47.7707006369427
AKR1B9,AKR1C17,46.031746031746
AKR1B9,AKR1C18,43.7931034482759
AKR1B9,AKR1C19,45.253164556962
AKR1B9,AKR1C20,48.6166007905138
AKR1B9,AKR1C21,44.3037974683544
AKR1B9,AKR1C22,47.7848101265823
AKR1B9,AKR1C23,48.5714285714286
AKR1B9,AKR1C24,45.8860759493671
AKR1B9,AKR1C25,47.1518987341772
AKR1B9,AKR1C26,47.7848101265823
AKR1B9,AKR1C27,48.1012658227848
AKR1B9,AKR1C28,47.7848101265823
AKR1B9,AKR1C29,50.6329113924051
AKR1B9,AKR1C30,49.0506329113924
AKR1B9,AKR1C31,49.0506329113924
AKR1B9,AKR1C32,48.7341772151899
AKR1B9,AKR1C33,47.6190476190476
AKR1B9,AKR1C34,44.9367088607595
AKR1B9,AKR1C35,46.8354430379747
AKR1B9,AKR1D1,51.8987341772152
AKR1B9,AKR1D2,51.1111111111111
AKR1B9,AKR1D3,50
AKR1B9,AKR1D4,15.0537634408602
AKR1B9,AKR1E1,58.1395348837209
AKR1B9,AKR1E2,57.8073089700997
AKR1B9,AKR6A1,23.5714285714286
AKR1B9,AKR6A2,23.5714285714286
AKR1B9,AKR6A3,23.5714285714286
AKR1B9,AKR6A4,23.2142857142857
AKR1B9,AKR6A5,23.5714285714286
AKR1B9,AKR6A6,23.5714285714286
AKR1B9,AKR6A7,23.5714285714286
AKR1B9,AKR6A8,23.5714285714286
AKR1B9,AKR6A9,23.1884057971014
AKR1B9,AKR6A10a,23.5714285714286
AKR1B9,AKR6A10b,23.5714285714286
AKR1B9,AKR6A12,23.1884057971014
AKR1B9,AKR6A13,23.5714285714286
AKR1B9,AKR6A14,22.8260869565217
AKR1B9,AKR7A1,17.8832116788321
AKR1B9,AKR7A2,20.5673758865248
AKR1B9,AKR7A3,19.2028985507246
AKR1B9,AKR7A4,19.5652173913043
AKR1B9,AKR7A5,18.2142857142857
AKR1B10,AKR1B13,81.6455696202532
AKR1B10,AKR1B14,78.1645569620253
AKR1B10,AKR1B15,91.7721518987342
AKR1B10,AKR1B18,82.5949367088608
AKR1B10,AKR1B19,86.0759493670886
AKR1B10,AKR1C1,48.1012658227848
AKR1B10,AKR1C2,48.7341772151899
AKR1B10,AKR1C3,47.4683544303797
AKR1B10,AKR1C4,48.4177215189873
AKR1B10,AKR1C5,50.9493670886076
AKR1B10,AKR1C6,48.4177215189873
AKR1B10,AKR1C7,47.7848101265823
AKR1B10,AKR1C8,44.3037974683544
AKR1B10,AKR1C9,45.7142857142857
AKR1B10,AKR1C11,49.3670886075949
AKR1B10,AKR1C12,46.5189873417722
AKR1B10,AKR1C13,47.1518987341772
AKR1B10,AKR1C14,44.9367088607595
AKR1B10,AKR1C15,50
AKR1B10,AKR1C16,48.4076433121019
AKR1B10,AKR1C17,46.3492063492063
AKR1B10,AKR1C18,44.4827586206897
AKR1B10,AKR1C19,48.4177215189873
AKR1B10,AKR1C20,50.5928853754941
AKR1B10,AKR1C21,44.3037974683544
AKR1B10,AKR1C22,46.8354430379747
AKR1B10,AKR1C23,48.2539682539682
AKR1B10,AKR1C24,47.1518987341772
AKR1B10,AKR1C25,47.4683544303797
AKR1B10,AKR1C26,49.3670886075949
AKR1B10,AKR1C27,48.4177215189873
AKR1B10,AKR1C28,48.4177215189873
AKR1B10,AKR1C29,51.2658227848101
AKR1B10,AKR1C30,48.7341772151899
AKR1B10,AKR1C31,49.6835443037975
AKR1B10,AKR1C32,49.6835443037975
AKR1B10,AKR1C33,47.9365079365079
AKR1B10,AKR1C34,45.253164556962
AKR1B10,AKR1C35,46.8354430379747
AKR1B10,AKR1D1,51.2658227848101
AKR1B10,AKR1D2,52.6984126984127
AKR1B10,AKR1D3,51.2658227848101
AKR1B10,AKR1D4,13.6200716845878
AKR1B10,AKR1E1,57.8073089700997
AKR1B10,AKR1E2,58.1395348837209
AKR1B10,AKR6A1,24.2857142857143
AKR1B10,AKR6A2,24.2857142857143
AKR1B10,AKR6A3,23.5714285714286
AKR1B10,AKR6A4,23.9285714285714
AKR1B10,AKR6A5,24.2857142857143
AKR1B10,AKR6A6,24.2857142857143
AKR1B10,AKR6A7,23.5714285714286
AKR1B10,AKR6A8,23.5714285714286
AKR1B10,AKR6A9,20.6521739130435
AKR1B10,AKR6A10a,23.9285714285714
AKR1B10,AKR6A10b,23.5714285714286
AKR1B10,AKR6A12,21.0144927536232
AKR1B10,AKR6A13,23.5714285714286
AKR1B10,AKR6A14,20.6521739130435
AKR1B10,AKR7A1,20.0729927007299
AKR1B10,AKR7A2,22.6950354609929
AKR1B10,AKR7A3,20.6521739130435
AKR1B10,AKR7A4,21.3768115942029
AKR1B10,AKR7A5,19.2857142857143
AKR1B13,AKR1B14,83.2278481012658
AKR1B13,AKR1B15,81.0126582278481
AKR1B13,AKR1B18,84.1772151898734
AKR1B13,AKR1B19,83.5443037974684
AKR1B13,AKR1C1,46.5189873417722
AKR1B13,AKR1C2,46.8354430379747
AKR1B13,AKR1C3,45.253164556962
AKR1B13,AKR1C4,46.5189873417722
AKR1B13,AKR1C5,47.7848101265823
AKR1B13,AKR1C6,44.9367088607595
AKR1B13,AKR1C7,44.9367088607595
AKR1B13,AKR1C8,43.6708860759494
AKR1B13,AKR1C9,44.1269841269841
AKR1B13,AKR1C11,46.8354430379747
AKR1B13,AKR1C12,46.2025316455696
AKR1B13,AKR1C13,47.1518987341772
AKR1B13,AKR1C14,42.7215189873418
AKR1B13,AKR1C15,45.5696202531646
AKR1B13,AKR1C16,47.452229299363
AKR1B13,AKR1C17,45.0793650793651
AKR1B13,AKR1C18,43.7931034482759
AKR1B13,AKR1C19,46.2025316455696
AKR1B13,AKR1C20,47.4308300395257
AKR1B13,AKR1C21,43.0379746835443
AKR1B13,AKR1C22,46.8354430379747
AKR1B13,AKR1C23,46.984126984127
AKR1B13,AKR1C24,45.5696202531646
AKR1B13,AKR1C25,45.8860759493671
AKR1B13,AKR1C26,46.5189873417722
AKR1B13,AKR1C27,46.8354430379747
AKR1B13,AKR1C28,46.5189873417722
AKR1B13,AKR1C29,48.4177215189873
AKR1B13,AKR1C30,46.8354430379747
AKR1B13,AKR1C31,47.1518987341772
AKR1B13,AKR1C32,46.8354430379747
AKR1B13,AKR1C33,45.7142857142857
AKR1B13,AKR1C34,44.9367088607595
AKR1B13,AKR1C35,46.2025316455696
AKR1B13,AKR1D1,49.6835443037975
AKR1B13,AKR1D2,49.5238095238095
AKR1B13,AKR1D3,49.0506329113924
AKR1B13,AKR1D4,12.9032258064516
AKR1B13,AKR1E1,59.1362126245847
AKR1B13,AKR1E2,59.468438538206
AKR1B13,AKR6A1,23.9285714285714
AKR1B13,AKR6A2,23.9285714285714
AKR1B13,AKR6A3,23.2142857142857
AKR1B13,AKR6A4,23.5714285714286
AKR1B13,AKR6A5,23.9285714285714
AKR1B13,AKR6A6,23.9285714285714
AKR1B13,AKR6A7,23.2142857142857
AKR1B13,AKR6A8,23.2142857142857
AKR1B13,AKR6A9,22.463768115942
AKR1B13,AKR6A10a,23.5714285714286
AKR1B13,AKR6A10b,23.2142857142857
AKR1B13,AKR6A12,22.463768115942
AKR1B13,AKR6A13,23.2142857142857
AKR1B13,AKR6A14,22.1014492753623
AKR1B13,AKR7A1,17.1532846715328
AKR1B13,AKR7A2,19.8581560283688
AKR1B13,AKR7A3,18.1159420289855
AKR1B13,AKR7A4,18.4782608695652
AKR1B13,AKR7A5,17.1428571428571
AKR1B14,AKR1B15,76.8987341772152
AKR1B14,AKR1B18,88.2911392405063
AKR1B14,AKR1B19,80.6962025316456
AKR1B14,AKR1C1,46.8354430379747
AKR1B14,AKR1C2,47.7848101265823
AKR1B14,AKR1C3,46.2025316455696
AKR1B14,AKR1C4,47.7848101265823
AKR1B14,AKR1C5,48.7341772151899
AKR1B14,AKR1C6,46.8354430379747
AKR1B14,AKR1C7,47.7848101265823
AKR1B14,AKR1C8,43.0379746835443
AKR1B14,AKR1C9,46.984126984127
AKR1B14,AKR1C11,47.4683544303797
AKR1B14,AKR1C12,47.1518987341772
AKR1B14,AKR1C13,47.1518987341772
AKR1B14,AKR1C14,45.253164556962
AKR1B14,AKR1C15,47.4683544303797
AKR1B14,AKR1C16,47.7707006369427
AKR1B14,AKR1C17,46.6666666666667
AKR1B14,AKR1C18,43.448275862069
AKR1B14,AKR1C19,45.8860759493671
AKR1B14,AKR1C20,47.4308300395257
AKR1B14,AKR1C21,44.620253164557
AKR1B14,AKR1C22,46.8354430379747
AKR1B14,AKR1C23,46.984126984127
AKR1B14,AKR1C24,46.2025316455696
AKR1B14,AKR1C25,46.8354430379747
AKR1B14,AKR1C26,47.7848101265823
AKR1B14,AKR1C27,48.1012658227848
AKR1B14,AKR1C28,47.7848101265823
AKR1B14,AKR1C29,49.6835443037975
AKR1B14,AKR1C30,48.7341772151899
AKR1B14,AKR1C31,49.3670886075949
AKR1B14,AKR1C32,47.4683544303797
AKR1B14,AKR1C33,46.6666666666667
AKR1B14,AKR1C34,45.5696202531646
AKR1B14,AKR1C35,46.2025316455696
AKR1B14,AKR1D1,49.3670886075949
AKR1B14,AKR1D2,49.5238095238095
AKR1B14,AKR1D3,48.7341772151899
AKR1B14,AKR1D4,14.336917562724
AKR1B14,AKR1E1,59.468438538206
AKR1B14,AKR1E2,60.1328903654485
AKR1B14,AKR6A1,23.2142857142857
AKR1B14,AKR6A2,23.2142857142857
AKR1B14,AKR6A3,22.5
AKR1B14,AKR6A4,22.8571428571429
AKR1B14,AKR6A5,23.2142857142857
AKR1B14,AKR6A6,23.2142857142857
AKR1B14,AKR6A7,22.5
AKR1B14,AKR6A8,22.5
AKR1B14,AKR6A9,21.3768115942029
AKR1B14,AKR6A10a,22.5
AKR1B14,AKR6A10b,22.8571428571429
AKR1B14,AKR6A12,22.1014492753623
AKR1B14,AKR6A13,22.5
AKR1B14,AKR6A14,21.7391304347826
AKR1B14,AKR7A1,17.1532846715328
AKR1B14,AKR7A2,19.5035460992908
AKR1B14,AKR7A3,17.7536231884058
AKR1B14,AKR7A4,18.4782608695652
AKR1B14,AKR7A5,16.7857142857143
AKR1B15,AKR1B18,80.379746835443
AKR1B15,AKR1B19,81.6455696202532
AKR1B15,AKR1C1,46.5189873417722
AKR1B15,AKR1C2,46.8354430379747
AKR1B15,AKR1C3,45.5696202531646
AKR1B15,AKR1C4,46.5189873417722
AKR1B15,AKR1C5,49.0506329113924
AKR1B15,AKR1C6,47.4683544303797
AKR1B15,AKR1C7,46.2025316455696
AKR1B15,AKR1C8,43.3544303797468
AKR1B15,AKR1C9,45.7142857142857
AKR1B15,AKR1C11,46.2025316455696
AKR1B15,AKR1C12,44.620253164557
AKR1B15,AKR1C13,45.253164556962
AKR1B15,AKR1C14,43.0379746835443
AKR1B15,AKR1C15,48.1012658227848
AKR1B15,AKR1C16,46.4968152866242
AKR1B15,AKR1C17,45.0793650793651
AKR1B15,AKR1C18,44.1379310344828
AKR1B15,AKR1C19,45.5696202531646
AKR1B15,AKR1C20,48.2213438735178
AKR1B15,AKR1C21,43.6708860759494
AKR1B15,AKR1C22,44.9367088607595
AKR1B15,AKR1C23,46.984126984127
AKR1B15,AKR1C24,45.253164556962
AKR1B15,AKR1C25,45.5696202531646
AKR1B15,AKR1C26,47.1518987341772
AKR1B15,AKR1C27,46.5189873417722
AKR1B15,AKR1C28,46.5189873417722
AKR1B15,AKR1C29,49.3670886075949
AKR1B15,AKR1C30,47.4683544303797
AKR1B15,AKR1C31,48.4177215189873
AKR1B15,AKR1C32,47.7848101265823
AKR1B15,AKR1C33,46.3492063492063
AKR1B15,AKR1C34,43.6708860759494
AKR1B15,AKR1C35,45.253164556962
AKR1B15,AKR1D1,48.7341772151899
AKR1B15,AKR1D2,50.4761904761905
AKR1B15,AKR1D3,48.4177215189873
AKR1B15,AKR1D4,12.9370629370629
AKR1B15,AKR1E1,55.8139534883721
AKR1B15,AKR1E2,57.8073089700997
AKR1B15,AKR6A1,22.4199288256228
AKR1B15,AKR6A2,22.4199288256228
AKR1B15,AKR6A3,22.0640569395018
AKR1B15,AKR6A4,22.0640569395018
AKR1B15,AKR6A5,22.4199288256228
AKR1B15,AKR6A6,22.4199288256228
AKR1B15,AKR6A7,22.0640569395018
AKR1B15,AKR6A8,22.0640569395018
AKR1B15,AKR6A9,19.4945848375451
AKR1B15,AKR6A10a,22.4199288256228
AKR1B15,AKR6A10b,22.0640569395018
AKR1B15,AKR6A12,19.4945848375451
AKR1B15,AKR6A13,22.0640569395018
AKR1B15,AKR6A14,19.1335740072202
AKR1B15,AKR7A1,17.7536231884058
AKR1B15,AKR7A2,20.7746478873239
AKR1B15,AKR7A3,18.3453237410072
AKR1B15,AKR7A4,19.4244604316547
AKR1B15,AKR7A5,17.3758865248227
AKR1B18,AKR1B19,81.0126582278481
AKR1B18,AKR1C1,46.8354430379747
AKR1B18,AKR1C2,47.4683544303797
AKR1B18,AKR1C3,46.2025316455696
AKR1B18,AKR1C4,47.1518987341772
AKR1B18,AKR1C5,49.3670886075949
AKR1B18,AKR1C6,47.1518987341772
AKR1B18,AKR1C7,46.8354430379747
AKR1B18,AKR1C8,43.9873417721519
AKR1B18,AKR1C9,46.031746031746
AKR1B18,AKR1C11,47.1518987341772
AKR1B18,AKR1C12,46.8354430379747
AKR1B18,AKR1C13,47.1518987341772
AKR1B18,AKR1C14,44.3037974683544
AKR1B18,AKR1C15,47.1518987341772
AKR1B18,AKR1C16,48.0891719745223
AKR1B18,AKR1C17,46.984126984127
AKR1B18,AKR1C18,44.1379310344828
AKR1B18,AKR1C19,45.8860759493671
AKR1B18,AKR1C20,47.8260869565217
AKR1B18,AKR1C21,44.3037974683544
AKR1B18,AKR1C22,46.8354430379747
AKR1B18,AKR1C23,46.984126984127
AKR1B18,AKR1C24,46.5189873417722
AKR1B18,AKR1C25,46.2025316455696
AKR1B18,AKR1C26,47.7848101265823
AKR1B18,AKR1C27,46.5189873417722
AKR1B18,AKR1C28,46.2025316455696
AKR1B18,AKR1C29,50
AKR1B18,AKR1C30,48.7341772151899
AKR1B18,AKR1C31,48.7341772151899
AKR1B18,AKR1C32,48.1012658227848
AKR1B18,AKR1C33,46.3492063492063
AKR1B18,AKR1C34,43.9873417721519
AKR1B18,AKR1C35,45.8860759493671
AKR1B18,AKR1D1,49.6835443037975
AKR1B18,AKR1D2,49.5238095238095
AKR1B18,AKR1D3,49.0506329113924
AKR1B18,AKR1D4,13.2616487455197
AKR1B18,AKR1E1,60.1328903654485
AKR1B18,AKR1E2,60.4651162790698
AKR1B18,AKR6A1,23.2142857142857
AKR1B18,AKR6A2,23.2142857142857
AKR1B18,AKR6A3,22.5
AKR1B18,AKR6A4,22.8571428571429
AKR1B18,AKR6A5,23.2142857142857
AKR1B18,AKR6A6,23.2142857142857
AKR1B18,AKR6A7,22.5
AKR1B18,AKR6A8,22.5
AKR1B18,AKR6A9,21.0144927536232
AKR1B18,AKR6A10a,22.8571428571429
AKR1B18,AKR6A10b,22.5
AKR1B18,AKR6A12,21.3768115942029
AKR1B18,AKR6A13,22.5
AKR1B18,AKR6A14,21.0144927536232
AKR1B18,AKR7A1,17.8832116788321
AKR1B18,AKR7A2,19.8581560283688
AKR1B18,AKR7A3,17.3913043478261
AKR1B18,AKR7A4,19.2028985507246
AKR1B18,AKR7A5,16.7857142857143
AKR1B19,AKR1C1,48.4177215189873
AKR1B19,AKR1C2,48.7341772151899
AKR1B19,AKR1C3,46.2025316455696
AKR1B19,AKR1C4,47.4683544303797
AKR1B19,AKR1C5,50.3164556962025
AKR1B19,AKR1C6,46.2025316455696
AKR1B19,AKR1C7,48.4177215189873
AKR1B19,AKR1C8,43.3544303797468
AKR1B19,AKR1C9,46.031746031746
AKR1B19,AKR1C11,48.1012658227848
AKR1B19,AKR1C12,46.5189873417722
AKR1B19,AKR1C13,45.8860759493671
AKR1B19,AKR1C14,45.253164556962
AKR1B19,AKR1C15,49.0506329113924
AKR1B19,AKR1C16,47.1337579617834
AKR1B19,AKR1C17,44.7619047619048
AKR1B19,AKR1C18,43.7931034482759
AKR1B19,AKR1C19,46.2025316455696
AKR1B19,AKR1C20,49.802371541502
AKR1B19,AKR1C21,43.6708860759494
AKR1B19,AKR1C22,45.5696202531646
AKR1B19,AKR1C23,47.9365079365079
AKR1B19,AKR1C24,45.8860759493671
AKR1B19,AKR1C25,47.1518987341772
AKR1B19,AKR1C26,48.4177215189873
AKR1B19,AKR1C27,48.1012658227848
AKR1B19,AKR1C28,47.4683544303797
AKR1B19,AKR1C29,51.2658227848101
AKR1B19,AKR1C30,48.4177215189873
AKR1B19,AKR1C31,49.6835443037975
AKR1B19,AKR1C32,49.3670886075949
AKR1B19,AKR1C33,47.9365079365079
AKR1B19,AKR1C34,44.9367088607595
AKR1B19,AKR1C35,45.5696202531646
AKR1B19,AKR1D1,50.9493670886076
AKR1B19,AKR1D2,51.7460317460318
AKR1B19,AKR1D3,50.3164556962025
AKR1B19,AKR1D4,16.1290322580645
AKR1B19,AKR1E1,57.1428571428572
AKR1B19,AKR1E2,56.4784053156146
AKR1B19,AKR6A1,24.2857142857143
AKR1B19,AKR6A2,24.2857142857143
AKR1B19,AKR6A3,23.9285714285714
AKR1B19,AKR6A4,23.9285714285714
AKR1B19,AKR6A5,24.2857142857143
AKR1B19,AKR6A6,24.2857142857143
AKR1B19,AKR6A7,23.9285714285714
AKR1B19,AKR6A8,23.9285714285714
AKR1B19,AKR6A9,21.3768115942029
AKR1B19,AKR6A10a,24.2857142857143
AKR1B19,AKR6A10b,23.9285714285714
AKR1B19,AKR6A12,21.3768115942029
AKR1B19,AKR6A13,23.9285714285714
AKR1B19,AKR6A14,21.0144927536232
AKR1B19,AKR7A1,20.8029197080292
AKR1B19,AKR7A2,23.4042553191489
AKR1B19,AKR7A3,21.7391304347826
AKR1B19,AKR7A4,22.1014492753623
AKR1B19,AKR7A5,20.7142857142857
AKR1C1,AKR1C2,97.8328173374613
AKR1C1,AKR1C3,87.9256965944273
AKR1C1,AKR1C4,82.6625386996904
AKR1C1,AKR1C5,80.1857585139319
AKR1C1,AKR1C6,76.7801857585139
AKR1C1,AKR1C7,77.7089783281734
AKR1C1,AKR1C8,68.7306501547988
AKR1C1,AKR1C9,69.2546583850932
AKR1C1,AKR1C11,78.328173374613
AKR1C1,AKR1C12,68.7306501547988
AKR1C1,AKR1C13,66.8730650154799
AKR1C1,AKR1C14,68.1114551083591
AKR1C1,AKR1C15,69.6594427244582
AKR1C1,AKR1C16,68.5534591194969
AKR1C1,AKR1C17,67.9127725856698
AKR1C1,AKR1C18,72.053872053872
AKR1C1,AKR1C19,72.4458204334365
AKR1C1,AKR1C20,75
AKR1C1,AKR1C21,73.374613003096
AKR1C1,AKR1C22,66.8730650154799
AKR1C1,AKR1C23,81.055900621118
AKR1C1,AKR1C24,68.7306501547988
AKR1C1,AKR1C25,82.6625386996904
AKR1C1,AKR1C26,74.9226006191951
AKR1C1,AKR1C27,76.7801857585139
AKR1C1,AKR1C28,77.3993808049536
AKR1C1,AKR1C29,79.2569659442724
AKR1C1,AKR1C30,76.7801857585139
AKR1C1,AKR1C31,76.7801857585139
AKR1C1,AKR1C32,81.4241486068112
AKR1C1,AKR1C33,76.7080745341615
AKR1C1,AKR1C34,66.8730650154799
AKR1C1,AKR1C35,69.0402476780186
AKR1C1,AKR1D1,57.8947368421053
AKR1C1,AKR1D2,58.3850931677019
AKR1C1,AKR1D3,56.9659442724458
AKR1C1,AKR1D4,19.9300699300699
AKR1C1,AKR1E1,46.5116279069767
AKR1C1,AKR1E2,45.8471760797342
AKR1C1,AKR6A1,22.9965156794425
AKR1C1,AKR6A2,23.3449477351916
AKR1C1,AKR6A3,22.9965156794425
AKR1C1,AKR6A4,22.9965156794425
AKR1C1,AKR6A5,23.3449477351916
AKR1C1,AKR6A6,23.3449477351916
AKR1C1,AKR6A7,22.9965156794425
AKR1C1,AKR6A8,22.9965156794425
AKR1C1,AKR6A9,23.6749116607774
AKR1C1,AKR6A10a,22.9965156794425
AKR1C1,AKR6A10b,22.9965156794425
AKR1C1,AKR6A12,22.9681978798586
AKR1C1,AKR6A13,22.9965156794425
AKR1C1,AKR6A14,23.321554770318
AKR1C1,AKR7A1,21.5827338129497
AKR1C1,AKR7A2,22.8373702422145
AKR1C1,AKR7A3,22.1428571428571
AKR1C1,AKR7A4,22.8571428571429
AKR1C1,AKR7A5,21.2543554006969
AKR1C2,AKR1C3,86.9969040247678
AKR1C2,AKR1C4,81.4241486068112
AKR1C2,AKR1C5,78.9473684210526
AKR1C2,AKR1C6,75.5417956656347
AKR1C2,AKR1C7,76.4705882352941
AKR1C2,AKR1C8,67.8018575851393
AKR1C2,AKR1C9,68.6335403726708
AKR1C2,AKR1C11,77.7089783281734
AKR1C2,AKR1C12,68.1114551083591
AKR1C2,AKR1C13,66.2538699690403
AKR1C2,AKR1C14,67.4922600619195
AKR1C2,AKR1C15,68.7306501547988
AKR1C2,AKR1C16,68.2389937106918
AKR1C2,AKR1C17,68.2242990654206
AKR1C2,AKR1C18,71.3804713804714
AKR1C2,AKR1C19,72.1362229102167
AKR1C2,AKR1C20,74.2307692307692
AKR1C2,AKR1C21,73.374613003096
AKR1C2,AKR1C22,66.2538699690403
AKR1C2,AKR1C23,79.8136645962733
AKR1C2,AKR1C24,68.1114551083591
AKR1C2,AKR1C25,81.1145510835913
AKR1C2,AKR1C26,74.6130030959752
AKR1C2,AKR1C27,76.1609907120743
AKR1C2,AKR1C28,76.1609907120743
AKR1C2,AKR1C29,78.328173374613
AKR1C2,AKR1C30,75.5417956656347
AKR1C2,AKR1C31,75.2321981424149
AKR1C2,AKR1C32,79.8761609907121
AKR1C2,AKR1C33,75.1552795031056
AKR1C2,AKR1C34,66.2538699690403
AKR1C2,AKR1C35,68.421052631579
AKR1C2,AKR1D1,57.5851393188854
AKR1C2,AKR1D2,58.3850931677019
AKR1C2,AKR1D3,56.3467492260062
AKR1C2,AKR1D4,20.2797202797203
AKR1C2,AKR1E1,46.1794019933555
AKR1C2,AKR1E2,45.8471760797342
AKR1C2,AKR6A1,23.6933797909408
AKR1C2,AKR6A2,24.0418118466899
AKR1C2,AKR6A3,23.6933797909408
AKR1C2,AKR6A4,23.6933797909408
AKR1C2,AKR6A5,24.0418118466899
AKR1C2,AKR6A6,24.0418118466899
AKR1C2,AKR6A7,23.6933797909408
AKR1C2,AKR6A8,23.6933797909408
AKR1C2,AKR6A9,24.3816254416961
AKR1C2,AKR6A10a,23.6933797909408
AKR1C2,AKR6A10b,23.6933797909408
AKR1C2,AKR6A12,23.6749116607774
AKR1C2,AKR6A13,23.6933797909408
AKR1C2,AKR6A14,24.0282685512368
AKR1C2,AKR7A1,22.3021582733813
AKR1C2,AKR7A2,23.1833910034602
AKR1C2,AKR7A3,22.1428571428571
AKR1C2,AKR7A4,23.2142857142857
AKR1C2,AKR7A5,21.602787456446
AKR1C3,AKR1C4,83.9009287925697
AKR1C3,AKR1C5,77.0897832817337
AKR1C3,AKR1C6,75.5417956656347
AKR1C3,AKR1C7,75.5417956656347
AKR1C3,AKR1C8,71.2074303405573
AKR1C3,AKR1C9,69.8757763975155
AKR1C3,AKR1C11,78.328173374613
AKR1C3,AKR1C12,66.8730650154799
AKR1C3,AKR1C13,64.7058823529412
AKR1C3,AKR1C14,69.3498452012384
AKR1C3,AKR1C15,69.3498452012384
AKR1C3,AKR1C16,66.0377358490566
AKR1C3,AKR1C17,65.7320872274143
AKR1C3,AKR1C18,73.7373737373737
AKR1C3,AKR1C19,71.5170278637771
AKR1C3,AKR1C20,76.1538461538461
AKR1C3,AKR1C21,72.1362229102167
AKR1C3,AKR1C22,64.7058823529412
AKR1C3,AKR1C23,77.639751552795
AKR1C3,AKR1C24,66.5634674922601
AKR1C3,AKR1C25,83.5913312693499
AKR1C3,AKR1C26,74.9226006191951
AKR1C3,AKR1C27,75.8513931888545
AKR1C3,AKR1C28,76.1609907120743
AKR1C3,AKR1C29,78.0185758513932
AKR1C3,AKR1C30,75.5417956656347
AKR1C3,AKR1C31,76.4705882352941
AKR1C3,AKR1C32,79.2569659442724
AKR1C3,AKR1C33,75.7763975155279
AKR1C3,AKR1C34,65.015479876161
AKR1C3,AKR1C35,66.5634674922601
AKR1C3,AKR1D1,55.4179566563467
AKR1C3,AKR1D2,56.832298136646
AKR1C3,AKR1D3,53.8699690402477
AKR1C3,AKR1D4,19.9300699300699
AKR1C3,AKR1E1,46.843853820598
AKR1C3,AKR1E2,45.514950166113
AKR1C3,AKR6A1,22.9965156794425
AKR1C3,AKR6A2,23.3449477351916
AKR1C3,AKR6A3,22.9965156794425
AKR1C3,AKR6A4,22.9965156794425
AKR1C3,AKR6A5,23.3449477351916
AKR1C3,AKR6A6,23.3449477351916
AKR1C3,AKR6A7,22.9965156794425
AKR1C3,AKR6A8,22.9965156794425
AKR1C3,AKR6A9,24.3816254416961
AKR1C3,AKR6A10a,22.9965156794425
AKR1C3,AKR6A10b,22.9965156794425
AKR1C3,AKR6A12,23.321554770318
AKR1C3,AKR6A13,22.9965156794425
AKR1C3,AKR6A14,23.6749116607774
AKR1C3,AKR7A1,19.7841726618705
AKR1C3,AKR7A2,21.1072664359862
AKR1C3,AKR7A3,20.7142857142857
AKR1C3,AKR7A4,21.0714285714286
AKR1C3,AKR7A5,20.2090592334495
AKR1C4,AKR1C5,78.328173374613
AKR1C4,AKR1C6,75.5417956656347
AKR1C4,AKR1C7,74.9226006191951
AKR1C4,AKR1C8,67.8018575851393
AKR1C4,AKR1C9,69.5652173913043
AKR1C4,AKR1C11,76.4705882352941
AKR1C4,AKR1C12,67.4922600619195
AKR1C4,AKR1C13,65.9442724458204
AKR1C4,AKR1C14,68.1114551083591
AKR1C4,AKR1C15,69.6594427244582
AKR1C4,AKR1C16,66.9811320754717
AKR1C4,AKR1C17,65.7320872274143
AKR1C4,AKR1C18,70.3703703703704
AKR1C4,AKR1C19,69.969040247678
AKR1C4,AKR1C20,73.0769230769231
AKR1C4,AKR1C21,71.8266253869969
AKR1C4,AKR1C22,65.9442724458204
AKR1C4,AKR1C23,78.5714285714286
AKR1C4,AKR1C24,66.8730650154799
AKR1C4,AKR1C25,93.8080495356037
AKR1C4,AKR1C26,75.8513931888545
AKR1C4,AKR1C27,75.8513931888545
AKR1C4,AKR1C28,75.2321981424149
AKR1C4,AKR1C29,76.4705882352941
AKR1C4,AKR1C30,75.8513931888545
AKR1C4,AKR1C31,77.0897832817337
AKR1C4,AKR1C32,79.8761609907121
AKR1C4,AKR1C33,75.4658385093168
AKR1C4,AKR1C34,66.2538699690403
AKR1C4,AKR1C35,67.4922600619195
AKR1C4,AKR1D1,56.3467492260062
AKR1C4,AKR1D2,57.7639751552795
AKR1C4,AKR1D3,55.4179566563467
AKR1C4,AKR1D4,20.6293706293706
AKR1C4,AKR1E1,47.8405315614618
AKR1C4,AKR1E2,46.843853820598
AKR1C4,AKR6A1,24.0418118466899
AKR1C4,AKR6A2,24.390243902439
AKR1C4,AKR6A3,22.9965156794425
AKR1C4,AKR6A4,24.0418118466899
AKR1C4,AKR6A5,24.390243902439
AKR1C4,AKR6A6,24.390243902439
AKR1C4,AKR6A7,22.9965156794425
AKR1C4,AKR6A8,22.9965156794425
AKR1C4,AKR6A9,24.3816254416961
AKR1C4,AKR6A10a,23.3449477351916
AKR1C4,AKR6A10b,23.3449477351916
AKR1C4,AKR6A12,23.321554770318
AKR1C4,AKR6A13,22.9965156794425
AKR1C4,AKR6A14,23.321554770318
AKR1C4,AKR7A1,20.5035971223022
AKR1C4,AKR7A2,21.4532871972318
AKR1C4,AKR7A3,21.4285714285714
AKR1C4,AKR7A4,21.4285714285714
AKR1C4,AKR7A5,20.2090592334495
AKR1C5,AKR1C6,80.1857585139319
AKR1C5,AKR1C7,75.5417956656347
AKR1C5,AKR1C8,69.3498452012384
AKR1C5,AKR1C9,72.6708074534161
AKR1C5,AKR1C11,75.2321981424149
AKR1C5,AKR1C12,65.9442724458204
AKR1C5,AKR1C13,65.015479876161
AKR1C5,AKR1C14,71.5170278637771
AKR1C5,AKR1C15,72.1362229102167
AKR1C5,AKR1C16,66.6666666666667
AKR1C5,AKR1C17,64.4859813084112
AKR1C5,AKR1C18,71.7171717171717
AKR1C5,AKR1C19,72.4458204334365
AKR1C5,AKR1C20,77.6923076923077
AKR1C5,AKR1C21,73.9938080495356
AKR1C5,AKR1C22,65.015479876161
AKR1C5,AKR1C23,79.8136645962733
AKR1C5,AKR1C24,65.6346749226006
AKR1C5,AKR1C25,78.328173374613
AKR1C5,AKR1C26,80.4953560371517
AKR1C5,AKR1C27,80.4953560371517
AKR1C5,AKR1C28,80.1857585139319
AKR1C5,AKR1C29,84.8297213622291
AKR1C5,AKR1C30,82.3529411764706
AKR1C5,AKR1C31,82.3529411764706
AKR1C5,AKR1C32,91.0216718266254
AKR1C5,AKR1C33,78.2608695652174
AKR1C5,AKR1C34,65.6346749226006
AKR1C5,AKR1C35,68.1114551083591
AKR1C5,AKR1D1,59.4427244582043
AKR1C5,AKR1D2,59.0062111801242
AKR1C5,AKR1D3,57.5851393188854
AKR1C5,AKR1D4,18.1818181818182
AKR1C5,AKR1E1,47.8405315614618
AKR1C5,AKR1E2,49.1694352159469
AKR1C5,AKR6A1,25.0871080139373
AKR1C5,AKR6A2,25.0871080139373
AKR1C5,AKR6A3,24.0418118466899
AKR1C5,AKR6A4,24.7386759581881
AKR1C5,AKR6A5,25.0871080139373
AKR1C5,AKR6A6,25.0871080139373
AKR1C5,AKR6A7,24.0418118466899
AKR1C5,AKR6A8,24.0418118466899
AKR1C5,AKR6A9,24.3816254416961
AKR1C5,AKR6A10a,24.390243902439
AKR1C5,AKR6A10b,24.390243902439
AKR1C5,AKR6A12,24.0282685512368
AKR1C5,AKR6A13,24.0418118466899
AKR1C5,AKR6A14,24.0282685512368
AKR1C5,AKR7A1,21.2230215827338
AKR1C5,AKR7A2,22.8373702422145
AKR1C5,AKR7A3,21.7857142857143
AKR1C5,AKR7A4,23.5714285714286
AKR1C5,AKR7A5,21.2543554006969
AKR1C6,AKR1C7,71.2074303405573
AKR1C6,AKR1C8,69.3498452012384
AKR1C6,AKR1C9,71.7391304347826
AKR1C6,AKR1C11,71.8266253869969
AKR1C6,AKR1C12,67.1826625386997
AKR1C6,AKR1C13,65.9442724458204
AKR1C6,AKR1C14,72.7554179566564
AKR1C6,AKR1C15,70.8978328173375
AKR1C6,AKR1C16,66.0377358490566
AKR1C6,AKR1C17,66.3551401869159
AKR1C6,AKR1C18,71.3804713804714
AKR1C6,AKR1C19,69.969040247678
AKR1C6,AKR1C20,88.8461538461538
AKR1C6,AKR1C21,76.4705882352941
AKR1C6,AKR1C22,65.9442724458204
AKR1C6,AKR1C23,77.3291925465838
AKR1C6,AKR1C24,66.5634674922601
AKR1C6,AKR1C25,76.1609907120743
AKR1C6,AKR1C26,76.1609907120743
AKR1C6,AKR1C27,76.4705882352941
AKR1C6,AKR1C28,76.4705882352941
AKR1C6,AKR1C29,77.7089783281734
AKR1C6,AKR1C30,75.5417956656347
AKR1C6,AKR1C31,76.7801857585139
AKR1C6,AKR1C32,79.5665634674923
AKR1C6,AKR1C33,76.0869565217391
AKR1C6,AKR1C34,66.5634674922601
AKR1C6,AKR1C35,68.421052631579
AKR1C6,AKR1D1,59.1331269349845
AKR1C6,AKR1D2,59.0062111801242
AKR1C6,AKR1D3,57.2755417956656
AKR1C6,AKR1D4,20.2797202797203
AKR1C6,AKR1E1,48.1727574750831
AKR1C6,AKR1E2,49.5016611295681
AKR1C6,AKR6A1,22.9965156794425
AKR1C6,AKR6A2,22.6480836236934
AKR1C6,AKR6A3,22.6480836236934
AKR1C6,AKR6A4,22.2996515679443
AKR1C6,AKR6A5,22.6480836236934
AKR1C6,AKR6A6,22.6480836236934
AKR1C6,AKR6A7,22.6480836236934
AKR1C6,AKR6A8,22.6480836236934
AKR1C6,AKR6A9,23.321554770318
AKR1C6,AKR6A10a,22.6480836236934
AKR1C6,AKR6A10b,22.6480836236934
AKR1C6,AKR6A12,23.321554770318
AKR1C6,AKR6A13,22.6480836236934
AKR1C6,AKR6A14,23.6749116607774
AKR1C6,AKR7A1,20.863309352518
AKR1C6,AKR7A2,22.4913494809688
AKR1C6,AKR7A3,21.0714285714286
AKR1C6,AKR7A4,22.8571428571429
AKR1C6,AKR7A5,20.9059233449477
AKR1C7,AKR1C8,67.4922600619195
AKR1C7,AKR1C9,69.5652173913043
AKR1C7,AKR1C11,86.687306501548
AKR1C7,AKR1C12,67.4922600619195
AKR1C7,AKR1C13,66.2538699690403
AKR1C7,AKR1C14,67.4922600619195
AKR1C7,AKR1C15,72.1362229102167
AKR1C7,AKR1C16,68.8679245283019
AKR1C7,AKR1C17,66.9781931464174
AKR1C7,AKR1C18,70.03367003367
AKR1C7,AKR1C19,67.8018575851393
AKR1C7,AKR1C20,71.5384615384615
AKR1C7,AKR1C21,69.3498452012384
AKR1C7,AKR1C22,66.2538699690403
AKR1C7,AKR1C23,75.4658385093168
AKR1C7,AKR1C24,67.4922600619195
AKR1C7,AKR1C25,73.0650154798762
AKR1C7,AKR1C26,73.9938080495356
AKR1C7,AKR1C27,73.374613003096
AKR1C7,AKR1C28,73.374613003096
AKR1C7,AKR1C29,74.6130030959752
AKR1C7,AKR1C30,74.6130030959752
AKR1C7,AKR1C31,75.8513931888545
AKR1C7,AKR1C32,75.2321981424149
AKR1C7,AKR1C33,72.6708074534161
AKR1C7,AKR1C34,67.1826625386997
AKR1C7,AKR1C35,67.4922600619195
AKR1C7,AKR1D1,56.0371517027864
AKR1C7,AKR1D2,56.5217391304348
AKR1C7,AKR1D3,55.7275541795666
AKR1C7,AKR1D4,20.979020979021
AKR1C7,AKR1E1,47.5083056478405
AKR1C7,AKR1E2,47.8405315614618
AKR1C7,AKR6A1,22.9965156794425
AKR1C7,AKR6A2,23.3449477351916
AKR1C7,AKR6A3,23.3449477351916
AKR1C7,AKR6A4,22.9965156794425
AKR1C7,AKR6A5,23.3449477351916
AKR1C7,AKR6A6,23.3449477351916
AKR1C7,AKR6A7,23.3449477351916
AKR1C7,AKR6A8,23.3449477351916
AKR1C7,AKR6A9,24.3816254416961
AKR1C7,AKR6A10a,23.6933797909408
AKR1C7,AKR6A10b,23.6933797909408
AKR1C7,AKR6A12,23.6749116607774
AKR1C7,AKR6A13,23.3449477351916
AKR1C7,AKR6A14,23.321554770318
AKR1C7,AKR7A1,20.1438848920863
AKR1C7,AKR7A2,22.8373702422145
AKR1C7,AKR7A3,21.0714285714286
AKR1C7,AKR7A4,22.8571428571429
AKR1C7,AKR7A5,21.602787456446
AKR1C8,AKR1C9,67.3913043478261
AKR1C8,AKR1C11,66.5634674922601
AKR1C8,AKR1C12,65.6346749226006
AKR1C8,AKR1C13,64.3962848297214
AKR1C8,AKR1C14,68.1114551083591
AKR1C8,AKR1C15,62.2291021671827
AKR1C8,AKR1C16,64.1509433962264
AKR1C8,AKR1C17,63.5514018691589
AKR1C8,AKR1C18,93.9393939393939
AKR1C8,AKR1C19,66.5634674922601
AKR1C8,AKR1C20,69.6153846153846
AKR1C8,AKR1C21,68.7306501547988
AKR1C8,AKR1C22,64.3962848297214
AKR1C8,AKR1C23,71.4285714285714
AKR1C8,AKR1C24,64.7058823529412
AKR1C8,AKR1C25,67.8018575851393
AKR1C8,AKR1C26,67.8018575851393
AKR1C8,AKR1C27,69.6594427244582
AKR1C8,AKR1C28,69.6594427244582
AKR1C8,AKR1C29,69.969040247678
AKR1C8,AKR1C30,67.1826625386997
AKR1C8,AKR1C31,69.3498452012384
AKR1C8,AKR1C32,69.6594427244582
AKR1C8,AKR1C33,70.1863354037267
AKR1C8,AKR1C34,64.7058823529412
AKR1C8,AKR1C35,65.015479876161
AKR1C8,AKR1D1,53.5603715170279
AKR1C8,AKR1D2,52.4844720496894
AKR1C8,AKR1D3,52.3219814241486
AKR1C8,AKR1D4,19.9300699300699
AKR1C8,AKR1E1,46.5116279069767
AKR1C8,AKR1E2,43.8538205980066
AKR1C8,AKR6A1,20.9059233449477
AKR1C8,AKR6A2,21.602787456446
AKR1C8,AKR6A3,22.6480836236934
AKR1C8,AKR6A4,21.2543554006969
AKR1C8,AKR6A5,21.2543554006969
AKR1C8,AKR6A6,21.602787456446
AKR1C8,AKR6A7,22.6480836236934
AKR1C8,AKR6A8,22.6480836236934
AKR1C8,AKR6A9,21.9081272084806
AKR1C8,AKR6A10a,22.2996515679443
AKR1C8,AKR6A10b,22.2996515679443
AKR1C8,AKR6A12,20.8480565371025
AKR1C8,AKR6A13,22.6480836236934
AKR1C8,AKR6A14,21.2014134275618
AKR1C8,AKR7A1,20.1438848920863
AKR1C8,AKR7A2,19.7231833910035
AKR1C8,AKR7A3,18.5714285714286
AKR1C8,AKR7A4,19.6428571428571
AKR1C8,AKR7A5,18.815331010453
AKR1C9,AKR1C11,69.5652173913043
AKR1C9,AKR1C12,65.527950310559
AKR1C9,AKR1C13,64.5962732919255
AKR1C9,AKR1C14,87.2670807453416
AKR1C9,AKR1C15,64.5962732919255
AKR1C9,AKR1C16,65.615141955836
AKR1C9,AKR1C17,63.4375
AKR1C9,AKR1C18,69.5945945945946
AKR1C9,AKR1C19,67.0807453416149
AKR1C9,AKR1C20,69.8841698841699
AKR1C9,AKR1C21,69.2546583850932
AKR1C9,AKR1C22,64.5962732919255
AKR1C9,AKR1C23,69.7819314641745
AKR1C9,AKR1C24,64.2857142857143
AKR1C9,AKR1C25,69.8757763975155
AKR1C9,AKR1C26,69.8757763975155
AKR1C9,AKR1C27,72.0496894409938
AKR1C9,AKR1C28,70.4968944099379
AKR1C9,AKR1C29,71.1180124223602
AKR1C9,AKR1C30,68.944099378882
AKR1C9,AKR1C31,70.1863354037267
AKR1C9,AKR1C32,72.6708074534161
AKR1C9,AKR1C33,72.5856697819315
AKR1C9,AKR1C34,64.9068322981366
AKR1C9,AKR1C35,66.4596273291926
AKR1C9,AKR1D1,54.6583850931677
AKR1C9,AKR1D2,52.6479750778816
AKR1C9,AKR1D3,53.7267080745342
AKR1C9,AKR1D4,19.5804195804196
AKR1C9,AKR1E1,45.3333333333333
AKR1C9,AKR1E2,45
AKR1C9,AKR6A1,22.7272727272727
AKR1C9,AKR6A2,23.0769230769231
AKR1C9,AKR6A3,21.3286713286713
AKR1C9,AKR6A4,22.7272727272727
AKR1C9,AKR6A5,23.0769230769231
AKR1C9,AKR6A6,23.0769230769231
AKR1C9,AKR6A7,21.3286713286713
AKR1C9,AKR6A8,21.3286713286713
AKR1C9,AKR6A9,23.6749116607774
AKR1C9,AKR6A10a,21.6783216783217
AKR1C9,AKR6A10b,21.6783216783217
AKR1C9,AKR6A12,22.9681978798586
AKR1C9,AKR6A13,21.3286713286713
AKR1C9,AKR6A14,22.6148409893993
AKR1C9,AKR7A1,17.2661870503597
AKR1C9,AKR7A2,19.7231833910035
AKR1C9,AKR7A3,17.8571428571429
AKR1C9,AKR7A4,18.9285714285714
AKR1C9,AKR7A5,17.7700348432056
AKR1C11,AKR1C12,65.9442724458204
AKR1C11,AKR1C13,66.2538699690403
AKR1C11,AKR1C14,67.8018575851393
AKR1C11,AKR1C15,72.4458204334365
AKR1C11,AKR1C16,68.2389937106918
AKR1C11,AKR1C17,66.9781931464174
AKR1C11,AKR1C18,69.023569023569
AKR1C11,AKR1C19,68.7306501547988
AKR1C11,AKR1C20,73.0769230769231
AKR1C11,AKR1C21,69.969040247678
AKR1C11,AKR1C22,66.2538699690403
AKR1C11,AKR1C23,77.0186335403727
AKR1C11,AKR1C24,66.2538699690403
AKR1C11,AKR1C25,75.2321981424149
AKR1C11,AKR1C26,74.3034055727554
AKR1C11,AKR1C27,72.4458204334365
AKR1C11,AKR1C28,72.7554179566564
AKR1C11,AKR1C29,73.9938080495356
AKR1C11,AKR1C30,73.374613003096
AKR1C11,AKR1C31,74.6130030959752
AKR1C11,AKR1C32,75.5417956656347
AKR1C11,AKR1C33,71.1180124223602
AKR1C11,AKR1C34,65.3250773993808
AKR1C11,AKR1C35,66.5634674922601
AKR1C11,AKR1D1,58.2043343653251
AKR1C11,AKR1D2,58.695652173913
AKR1C11,AKR1D3,57.5851393188854
AKR1C11,AKR1D4,20.2797202797203
AKR1C11,AKR1E1,47.8405315614618
AKR1C11,AKR1E2,47.1760797342193
AKR1C11,AKR6A1,23.3449477351916
AKR1C11,AKR6A2,23.6933797909408
AKR1C11,AKR6A3,22.2996515679443
AKR1C11,AKR6A4,23.3449477351916
AKR1C11,AKR6A5,23.6933797909408
AKR1C11,AKR6A6,23.6933797909408
AKR1C11,AKR6A7,22.2996515679443
AKR1C11,AKR6A8,22.2996515679443
AKR1C11,AKR6A9,24.7349823321555
AKR1C11,AKR6A10a,22.6480836236934
AKR1C11,AKR6A10b,22.6480836236934
AKR1C11,AKR6A12,23.6749116607774
AKR1C11,AKR6A13,22.2996515679443
AKR1C11,AKR6A14,23.321554770318
AKR1C11,AKR7A1,21.2230215827338
AKR1C11,AKR7A2,22.8373702422145
AKR1C11,AKR7A3,22.1428571428571
AKR1C11,AKR7A4,22.8571428571429
AKR1C11,AKR7A5,21.602787456446
AKR1C12,AKR1C13,94.1176470588235
AKR1C12,AKR1C14,64.7058823529412
AKR1C12,AKR1C15,64.0866873065016
AKR1C12,AKR1C16,88.9937106918239
AKR1C12,AKR1C17,85.981308411215
AKR1C12,AKR1C18,67.003367003367
AKR1C12,AKR1C19,73.9938080495356
AKR1C12,AKR1C20,65.7692307692308
AKR1C12,AKR1C21,65.3250773993808
AKR1C12,AKR1C22,93.8080495356037
AKR1C12,AKR1C23,67.0807453416149
AKR1C12,AKR1C24,91.0216718266254
AKR1C12,AKR1C25,68.421052631579
AKR1C12,AKR1C26,70.2786377708978
AKR1C12,AKR1C27,70.5882352941177
AKR1C12,AKR1C28,68.7306501547988
AKR1C12,AKR1C29,67.8018575851393
AKR1C12,AKR1C30,67.4922600619195
AKR1C12,AKR1C31,67.1826625386997
AKR1C12,AKR1C32,67.1826625386997
AKR1C12,AKR1C33,66.4596273291926
AKR1C12,AKR1C34,85.7585139318885
AKR1C12,AKR1C35,84.8297213622291
AKR1C12,AKR1D1,52.9411764705882
AKR1C12,AKR1D2,52.1739130434783
AKR1C12,AKR1D3,51.702786377709
AKR1C12,AKR1D4,16.7832167832168
AKR1C12,AKR1E1,47.1760797342193
AKR1C12,AKR1E2,47.1760797342193
AKR1C12,AKR6A1,22.6480836236934
AKR1C12,AKR6A2,22.6480836236934
AKR1C12,AKR6A3,21.2543554006969
AKR1C12,AKR6A4,22.2996515679443
AKR1C12,AKR6A5,22.6480836236934
AKR1C12,AKR6A6,22.6480836236934
AKR1C12,AKR6A7,21.2543554006969
AKR1C12,AKR6A8,21.2543554006969
AKR1C12,AKR6A9,24.0282685512368
AKR1C12,AKR6A10a,21.602787456446
AKR1C12,AKR6A10b,21.602787456446
AKR1C12,AKR6A12,21.9081272084806
AKR1C12,AKR6A13,21.2543554006969
AKR1C12,AKR6A14,22.2614840989399
AKR1C12,AKR7A1,20.1438848920863
AKR1C12,AKR7A2,23.1833910034602
AKR1C12,AKR7A3,21.0714285714286
AKR1C12,AKR7A4,23.2142857142857
AKR1C12,AKR7A5,20.5574912891986
AKR1C13,AKR1C14,64.0866873065016
AKR1C13,AKR1C15,63.4674922600619
AKR1C13,AKR1C16,90.8805031446541
AKR1C13,AKR1C17,86.6043613707165
AKR1C13,AKR1C18,66.6666666666667
AKR1C13,AKR1C19,73.374613003096
AKR1C13,AKR1C20,65.7692307692308
AKR1C13,AKR1C21,65.3250773993808
AKR1C13,AKR1C22,99.6904024767802
AKR1C13,AKR1C23,66.4596273291926
AKR1C13,AKR1C24,87.9256965944273
AKR1C13,AKR1C25,66.8730650154799
AKR1C13,AKR1C26,70.2786377708978
AKR1C13,AKR1C27,69.969040247678
AKR1C13,AKR1C28,68.1114551083591
AKR1C13,AKR1C29,67.1826625386997
AKR1C13,AKR1C30,66.2538699690403
AKR1C13,AKR1C31,65.9442724458204
AKR1C13,AKR1C32,66.2538699690403
AKR1C13,AKR1C33,64.5962732919255
AKR1C13,AKR1C34,86.0681114551084
AKR1C13,AKR1C35,85.4489164086687
AKR1C13,AKR1D1,52.3219814241486
AKR1C13,AKR1D2,52.1739130434783
AKR1C13,AKR1D3,51.3931888544892
AKR1C13,AKR1D4,16.4335664335664
AKR1C13,AKR1E1,46.5116279069767
AKR1C13,AKR1E2,46.5116279069767
AKR1C13,AKR6A1,21.602787456446
AKR1C13,AKR6A2,21.602787456446
AKR1C13,AKR6A3,20.2090592334495
AKR1C13,AKR6A4,21.2543554006969
AKR1C13,AKR6A5,21.602787456446
AKR1C13,AKR6A6,21.602787456446
AKR1C13,AKR6A7,20.2090592334495
AKR1C13,AKR6A8,20.2090592334495
AKR1C13,AKR6A9,23.321554770318
AKR1C13,AKR6A10a,20.5574912891986
AKR1C13,AKR6A10b,20.5574912891986
AKR1C13,AKR6A12,21.2014134275618
AKR1C13,AKR6A13,20.2090592334495
AKR1C13,AKR6A14,21.5547703180212
AKR1C13,AKR7A1,19.4244604316547
AKR1C13,AKR7A2,22.4913494809688
AKR1C13,AKR7A3,20.3571428571429
AKR1C13,AKR7A4,22.5
AKR1C13,AKR7A5,19.8606271777004
AKR1C14,AKR1C15,61.9195046439629
AKR1C14,AKR1C16,65.0943396226415
AKR1C14,AKR1C17,63.5514018691589
AKR1C14,AKR1C18,70.3703703703704
AKR1C14,AKR1C19,67.8018575851393
AKR1C14,AKR1C20,71.5384615384615
AKR1C14,AKR1C21,70.2786377708978
AKR1C14,AKR1C22,64.0866873065016
AKR1C14,AKR1C23,70.4968944099379
AKR1C14,AKR1C24,63.4674922600619
AKR1C14,AKR1C25,67.8018575851393
AKR1C14,AKR1C26,69.6594427244582
AKR1C14,AKR1C27,70.8978328173375
AKR1C14,AKR1C28,69.6594427244582
AKR1C14,AKR1C29,71.8266253869969
AKR1C14,AKR1C30,68.1114551083591
AKR1C14,AKR1C31,68.7306501547988
AKR1C14,AKR1C32,70.8978328173375
AKR1C14,AKR1C33,71.4285714285714
AKR1C14,AKR1C34,64.3962848297214
AKR1C14,AKR1C35,64.7058823529412
AKR1C14,AKR1D1,54.4891640866873
AKR1C14,AKR1D2,51.8633540372671
AKR1C14,AKR1D3,53.250773993808
AKR1C14,AKR1D4,19.9300699300699
AKR1C14,AKR1E1,45.1827242524917
AKR1C14,AKR1E2,44.1860465116279
AKR1C14,AKR6A1,22.6480836236934
AKR1C14,AKR6A2,22.6480836236934
AKR1C14,AKR6A3,21.602787456446
AKR1C14,AKR6A4,22.2996515679443
AKR1C14,AKR6A5,22.6480836236934
AKR1C14,AKR6A6,22.6480836236934
AKR1C14,AKR6A7,21.602787456446
AKR1C14,AKR6A8,21.602787456446
AKR1C14,AKR6A9,24.0282685512368
AKR1C14,AKR6A10a,21.9512195121951
AKR1C14,AKR6A10b,21.9512195121951
AKR1C14,AKR6A12,22.9681978798586
AKR1C14,AKR6A13,21.602787456446
AKR1C14,AKR6A14,22.9681978798586
AKR1C14,AKR7A1,18.705035971223
AKR1C14,AKR7A2,20.0692041522491
AKR1C14,AKR7A3,18.5714285714286
AKR1C14,AKR7A4,19.6428571428571
AKR1C14,AKR7A5,19.1637630662021
AKR1C15,AKR1C16,63.5220125786164
AKR1C15,AKR1C17,63.2398753894081
AKR1C15,AKR1C18,63.6363636363636
AKR1C15,AKR1C19,63.4674922600619
AKR1C15,AKR1C20,70
AKR1C15,AKR1C21,64.3962848297214
AKR1C15,AKR1C22,63.4674922600619
AKR1C15,AKR1C23,68.3229813664596
AKR1C15,AKR1C24,62.8482972136223
AKR1C15,AKR1C25,69.0402476780186
AKR1C15,AKR1C26,71.2074303405573
AKR1C15,AKR1C27,68.421052631579
AKR1C15,AKR1C28,67.8018575851393
AKR1C15,AKR1C29,70.8978328173375
AKR1C15,AKR1C30,69.6594427244582
AKR1C15,AKR1C31,70.2786377708978
AKR1C15,AKR1C32,71.5170278637771
AKR1C15,AKR1C33,67.7018633540373
AKR1C15,AKR1C34,61.9195046439629
AKR1C15,AKR1C35,61.3003095975232
AKR1C15,AKR1D1,55.1083591331269
AKR1C15,AKR1D2,55.2795031055901
AKR1C15,AKR1D3,54.4891640866873
AKR1C15,AKR1D4,19.5804195804196
AKR1C15,AKR1E1,46.1794019933555
AKR1C15,AKR1E2,47.5083056478405
AKR1C15,AKR6A1,25.4355400696864
AKR1C15,AKR6A2,25.7839721254355
AKR1C15,AKR6A3,24.7386759581881
AKR1C15,AKR6A4,25.0871080139373
AKR1C15,AKR6A5,25.7839721254355
AKR1C15,AKR6A6,25.7839721254355
AKR1C15,AKR6A7,24.7386759581881
AKR1C15,AKR6A8,24.7386759581881
AKR1C15,AKR6A9,24.3816254416961
AKR1C15,AKR6A10a,24.7386759581881
AKR1C15,AKR6A10b,24.7386759581881
AKR1C15,AKR6A12,23.6749116607774
AKR1C15,AKR6A13,24.7386759581881
AKR1C15,AKR6A14,23.321554770318
AKR1C15,AKR7A1,20.863309352518
AKR1C15,AKR7A2,23.5294117647059
AKR1C15,AKR7A3,21.7857142857143
AKR1C15,AKR7A4,23.5714285714286
AKR1C15,AKR7A5,21.2543554006969
AKR1C16,AKR1C17,92.7444794952681
AKR1C16,AKR1C18,66.0958904109589
AKR1C16,AKR1C19,73.2704402515723
AKR1C16,AKR1C20,66.2745098039216
AKR1C16,AKR1C21,64.7798742138365
AKR1C16,AKR1C22,90.5660377358491
AKR1C16,AKR1C23,68.4542586750789
AKR1C16,AKR1C24,90.5660377358491
AKR1C16,AKR1C25,66.9811320754717
AKR1C16,AKR1C26,70.4402515723271
AKR1C16,AKR1C27,69.811320754717
AKR1C16,AKR1C28,67.9245283018868
AKR1C16,AKR1C29,69.4968553459119
AKR1C16,AKR1C30,67.2955974842767
AKR1C16,AKR1C31,66.3522012578616
AKR1C16,AKR1C32,67.6100628930818
AKR1C16,AKR1C33,66.5615141955836
AKR1C16,AKR1C34,85.8490566037736
AKR1C16,AKR1C35,84.9056603773585
AKR1C16,AKR1D1,51.5723270440252
AKR1C16,AKR1D2,51.7350157728707
AKR1C16,AKR1D3,52.5157232704402
AKR1C16,AKR1D4,17.4377224199288
AKR1C16,AKR1E1,46
AKR1C16,AKR1E2,46.6666666666667
AKR1C16,AKR6A1,21.2765957446809
AKR1C16,AKR6A2,21.2765957446809
AKR1C16,AKR6A3,19.8581560283688
AKR1C16,AKR6A4,20.9219858156028
AKR1C16,AKR6A5,21.2765957446809
AKR1C16,AKR6A6,21.2765957446809
AKR1C16,AKR6A7,19.8581560283688
AKR1C16,AKR6A8,19.8581560283688
AKR1C16,AKR6A9,23.021582733813
AKR1C16,AKR6A10a,19.8581560283688
AKR1C16,AKR6A10b,19.8581560283688
AKR1C16,AKR6A12,21.2230215827338
AKR1C16,AKR6A13,19.8581560283688
AKR1C16,AKR6A14,21.2230215827338
AKR1C16,AKR7A1,18.7725631768953
AKR1C16,AKR7A2,20.7746478873239
AKR1C16,AKR7A3,18.9964157706093
AKR1C16,AKR7A4,20.4301075268817
AKR1C16,AKR7A5,18.7943262411348
AKR1C17,AKR1C18,65.7627118644068
AKR1C17,AKR1C19,70.7165109034268
AKR1C17,AKR1C20,66.2790697674419
AKR1C17,AKR1C21,64.797507788162
AKR1C17,AKR1C22,86.2928348909657
AKR1C17,AKR1C23,67.1875
AKR1C17,AKR1C24,88.4735202492212
AKR1C17,AKR1C25,66.3551401869159
AKR1C17,AKR1C26,68.8473520249221
AKR1C17,AKR1C27,68.5358255451713
AKR1C17,AKR1C28,66.6666666666667
AKR1C17,AKR1C29,67.2897196261682
AKR1C17,AKR1C30,66.0436137071651
AKR1C17,AKR1C31,65.1090342679128
AKR1C17,AKR1C32,66.0436137071651
AKR1C17,AKR1C33,65.625
AKR1C17,AKR1C34,82.2429906542056
AKR1C17,AKR1C35,82.5545171339564
AKR1C17,AKR1D1,50.1557632398754
AKR1C17,AKR1D2,50
AKR1C17,AKR1D3,51.0903426791277
AKR1C17,AKR1D4,17.2535211267606
AKR1C17,AKR1E1,45.6666666666667
AKR1C17,AKR1E2,46
AKR1C17,AKR6A1,20.7017543859649
AKR1C17,AKR6A2,20.7017543859649
AKR1C17,AKR6A3,19.6491228070175
AKR1C17,AKR6A4,20.3508771929825
AKR1C17,AKR6A5,20.7017543859649
AKR1C17,AKR6A6,20.7017543859649
AKR1C17,AKR6A7,19.6491228070175
AKR1C17,AKR6A8,19.6491228070175
AKR1C17,AKR6A9,23.1316725978648
AKR1C17,AKR6A10a,19.6491228070175
AKR1C17,AKR6A10b,19.6491228070175
AKR1C17,AKR6A12,21.3523131672598
AKR1C17,AKR6A13,19.6491228070175
AKR1C17,AKR6A14,21.7081850533808
AKR1C17,AKR7A1,18.4115523465704
AKR1C17,AKR7A2,20.9059233449477
AKR1C17,AKR7A3,18.9964157706093
AKR1C17,AKR7A4,20.7885304659498
AKR1C17,AKR7A5,18.5964912280702
AKR1C18,AKR1C19,67.003367003367
AKR1C18,AKR1C20,71.7948717948718
AKR1C18,AKR1C21,71.3804713804714
AKR1C18,AKR1C22,66.6666666666667
AKR1C18,AKR1C23,72.972972972973
AKR1C18,AKR1C24,66.3299663299663
AKR1C18,AKR1C25,70.3703703703704
AKR1C18,AKR1C26,69.6969696969697
AKR1C18,AKR1C27,73.0639730639731
AKR1C18,AKR1C28,72.7272727272727
AKR1C18,AKR1C29,72.3905723905724
AKR1C18,AKR1C30,70.3703703703704
AKR1C18,AKR1C31,72.3905723905724
AKR1C18,AKR1C32,72.7272727272727
AKR1C18,AKR1C33,72.2972972972973
AKR1C18,AKR1C34,66.3299663299663
AKR1C18,AKR1C35,67.3400673400673
AKR1C18,AKR1D1,54.5454545454546
AKR1C18,AKR1D2,53.7162162162162
AKR1C18,AKR1D3,53.5353535353535
AKR1C18,AKR1D4,19.3181818181818
AKR1C18,AKR1E1,46.5454545454545
AKR1C18,AKR1E2,44.3636363636364
AKR1C18,AKR6A1,20.7142857142857
AKR1C18,AKR6A2,21.4285714285714
AKR1C18,AKR6A3,21.7857142857143
AKR1C18,AKR6A4,21.0714285714286
AKR1C18,AKR6A5,21.0714285714286
AKR1C18,AKR6A6,21.4285714285714
AKR1C18,AKR6A7,21.7857142857143
AKR1C18,AKR6A8,21.7857142857143
AKR1C18,AKR6A9,22.463768115942
AKR1C18,AKR6A10a,21.4285714285714
AKR1C18,AKR6A10b,21.4285714285714
AKR1C18,AKR6A12,21.0144927536232
AKR1C18,AKR6A13,21.7857142857143
AKR1C18,AKR6A14,21.3768115942029
AKR1C18,AKR7A1,20.2952029520295
AKR1C18,AKR7A2,19.8581560283688
AKR1C18,AKR7A3,18.6813186813187
AKR1C18,AKR7A4,19.7802197802198
AKR1C18,AKR7A5,18.9285714285714
AKR1C19,AKR1C20,70.3846153846154
AKR1C19,AKR1C21,69.3498452012384
AKR1C19,AKR1C22,73.374613003096
AKR1C19,AKR1C23,70.1863354037267
AKR1C19,AKR1C24,72.7554179566564
AKR1C19,AKR1C25,70.2786377708978
AKR1C19,AKR1C26,72.7554179566564
AKR1C19,AKR1C27,70.8978328173375
AKR1C19,AKR1C28,69.0402476780186
AKR1C19,AKR1C29,73.374613003096
AKR1C19,AKR1C30,69.0402476780186
AKR1C19,AKR1C31,69.3498452012384
AKR1C19,AKR1C32,72.7554179566564
AKR1C19,AKR1C33,69.2546583850932
AKR1C19,AKR1C34,71.5170278637771
AKR1C19,AKR1C35,72.1362229102167
AKR1C19,AKR1D1,52.9411764705882
AKR1C19,AKR1D2,54.0372670807453
AKR1C19,AKR1D3,52.0123839009288
AKR1C19,AKR1D4,18.1818181818182
AKR1C19,AKR1E1,47.1760797342193
AKR1C19,AKR1E2,48.1727574750831
AKR1C19,AKR6A1,24.0418118466899
AKR1C19,AKR6A2,24.0418118466899
AKR1C19,AKR6A3,22.9965156794425
AKR1C19,AKR6A4,23.6933797909408
AKR1C19,AKR6A5,24.0418118466899
AKR1C19,AKR6A6,24.0418118466899
AKR1C19,AKR6A7,22.9965156794425
AKR1C19,AKR6A8,22.9965156794425
AKR1C19,AKR6A9,23.321554770318
AKR1C19,AKR6A10a,23.3449477351916
AKR1C19,AKR6A10b,23.3449477351916
AKR1C19,AKR6A12,21.9081272084806
AKR1C19,AKR6A13,22.9965156794425
AKR1C19,AKR6A14,22.2614840989399
AKR1C19,AKR7A1,21.5827338129497
AKR1C19,AKR7A2,23.8754325259515
AKR1C19,AKR7A3,21.7857142857143
AKR1C19,AKR7A4,22.8571428571429
AKR1C19,AKR7A5,21.9512195121951
AKR1C20,AKR1C21,73.8461538461539
AKR1C20,AKR1C22,65.7692307692308
AKR1C20,AKR1C23,76.4478764478765
AKR1C20,AKR1C24,64.6153846153846
AKR1C20,AKR1C25,72.6923076923077
AKR1C20,AKR1C26,76.5384615384615
AKR1C20,AKR1C27,75
AKR1C20,AKR1C28,74.2307692307692
AKR1C20,AKR1C29,78.0769230769231
AKR1C20,AKR1C30,72.3076923076923
AKR1C20,AKR1C31,74.6153846153846
AKR1C20,AKR1C32,76.9230769230769
AKR1C20,AKR1C33,74.5173745173745
AKR1C20,AKR1C34,66.1538461538461
AKR1C20,AKR1C35,67.3076923076923
AKR1C20,AKR1D1,56.5384615384615
AKR1C20,AKR1D2,58.6872586872587
AKR1C20,AKR1D3,55.3846153846154
AKR1C20,AKR1D4,21.6101694915254
AKR1C20,AKR1E1,48.3193277310924
AKR1C20,AKR1E2,47.4789915966387
AKR1C20,AKR6A1,21.0970464135021
AKR1C20,AKR6A2,21.0970464135021
AKR1C20,AKR6A3,20.6751054852321
AKR1C20,AKR6A4,20.6751054852321
AKR1C20,AKR6A5,21.0970464135021
AKR1C20,AKR6A6,21.0970464135021
AKR1C20,AKR6A7,20.6751054852321
AKR1C20,AKR6A8,20.6751054852321
AKR1C20,AKR6A9,21.1864406779661
AKR1C20,AKR6A10a,20.6751054852321
AKR1C20,AKR6A10b,20.6751054852321
AKR1C20,AKR6A12,20.7627118644068
AKR1C20,AKR6A13,20.6751054852321
AKR1C20,AKR6A14,21.1864406779661
AKR1C20,AKR7A1,17.1171171171171
AKR1C20,AKR7A2,18.0257510729614
AKR1C20,AKR7A3,17.4107142857143
AKR1C20,AKR7A4,18.3035714285714
AKR1C20,AKR7A5,16.8831168831169
AKR1C21,AKR1C22,65.3250773993808
AKR1C21,AKR1C23,72.9813664596273
AKR1C21,AKR1C24,64.7058823529412
AKR1C21,AKR1C25,71.2074303405573
AKR1C21,AKR1C26,71.5170278637771
AKR1C21,AKR1C27,71.2074303405573
AKR1C21,AKR1C28,70.8978328173375
AKR1C21,AKR1C29,71.8266253869969
AKR1C21,AKR1C30,70.5882352941177
AKR1C21,AKR1C31,70.8978328173375
AKR1C21,AKR1C32,74.3034055727554
AKR1C21,AKR1C33,69.5652173913043
AKR1C21,AKR1C34,64.7058823529412
AKR1C21,AKR1C35,65.6346749226006
AKR1C21,AKR1D1,56.0371517027864
AKR1C21,AKR1D2,56.5217391304348
AKR1C21,AKR1D3,53.8699690402477
AKR1C21,AKR1D4,18.5314685314685
AKR1C21,AKR1E1,44.1860465116279
AKR1C21,AKR1E2,46.5116279069767
AKR1C21,AKR6A1,23.3449477351916
AKR1C21,AKR6A2,23.6933797909408
AKR1C21,AKR6A3,24.0418118466899
AKR1C21,AKR6A4,23.3449477351916
AKR1C21,AKR6A5,23.3449477351916
AKR1C21,AKR6A6,23.6933797909408
AKR1C21,AKR6A7,24.0418118466899
AKR1C21,AKR6A8,24.0418118466899
AKR1C21,AKR6A9,24.3816254416961
AKR1C21,AKR6A10a,24.0418118466899
AKR1C21,AKR6A10b,24.0418118466899
AKR1C21,AKR6A12,24.3816254416961
AKR1C21,AKR6A13,24.0418118466899
AKR1C21,AKR6A14,24.7349823321555
AKR1C21,AKR7A1,20.5035971223022
AKR1C21,AKR7A2,21.7993079584775
AKR1C21,AKR7A3,21.0714285714286
AKR1C21,AKR7A4,22.1428571428571
AKR1C21,AKR7A5,20.5574912891986
AKR1C22,AKR1C23,66.4596273291926
AKR1C22,AKR1C24,87.6160990712074
AKR1C22,AKR1C25,66.8730650154799
AKR1C22,AKR1C26,70.2786377708978
AKR1C22,AKR1C27,69.969040247678
AKR1C22,AKR1C28,68.1114551083591
AKR1C22,AKR1C29,67.1826625386997
AKR1C22,AKR1C30,66.2538699690403
AKR1C22,AKR1C31,65.9442724458204
AKR1C22,AKR1C32,66.2538699690403
AKR1C22,AKR1C33,64.5962732919255
AKR1C22,AKR1C34,85.7585139318885
AKR1C22,AKR1C35,85.1393188854489
AKR1C22,AKR1D1,52.3219814241486
AKR1C22,AKR1D2,52.1739130434783
AKR1C22,AKR1D3,51.3931888544892
AKR1C22,AKR1D4,16.4335664335664
AKR1C22,AKR1E1,46.843853820598
AKR1C22,AKR1E2,46.1794019933555
AKR1C22,AKR6A1,21.2543554006969
AKR1C22,AKR6A2,21.2543554006969
AKR1C22,AKR6A3,19.8606271777004
AKR1C22,AKR6A4,20.9059233449477
AKR1C22,AKR6A5,21.2543554006969
AKR1C22,AKR6A6,21.2543554006969
AKR1C22,AKR6A7,19.8606271777004
AKR1C22,AKR6A8,19.8606271777004
AKR1C22,AKR6A9,22.9681978798586
AKR1C22,AKR6A10a,20.2090592334495
AKR1C22,AKR6A10b,20.2090592334495
AKR1C22,AKR6A12,20.8480565371025
AKR1C22,AKR6A13,19.8606271777004
AKR1C22,AKR6A14,21.2014134275618
AKR1C22,AKR7A1,19.0647482014389
AKR1C22,AKR7A2,22.1453287197232
AKR1C22,AKR7A3,20
AKR1C22,AKR7A4,22.1428571428571
AKR1C22,AKR7A5,19.5121951219512
AKR1C23,AKR1C24,67.3913043478261
AKR1C23,AKR1C25,78.5714285714286
AKR1C23,AKR1C26,76.3975155279503
AKR1C23,AKR1C27,76.0869565217391
AKR1C23,AKR1C28,76.0869565217391
AKR1C23,AKR1C29,79.8136645962733
AKR1C23,AKR1C30,78.5714285714286
AKR1C23,AKR1C31,77.639751552795
AKR1C23,AKR1C32,80.1242236024845
AKR1C23,AKR1C33,76.0869565217391
AKR1C23,AKR1C34,67.0807453416149
AKR1C23,AKR1C35,69.5652173913043
AKR1C23,AKR1D1,58.3850931677019
AKR1C23,AKR1D2,58.2554517133956
AKR1C23,AKR1D3,57.1428571428572
AKR1C23,AKR1D4,18.5964912280702
AKR1C23,AKR1E1,46.6666666666667
AKR1C23,AKR1E2,48.3333333333333
AKR1C23,AKR6A1,24.1258741258741
AKR1C23,AKR6A2,24.4755244755245
AKR1C23,AKR6A3,23.0769230769231
AKR1C23,AKR6A4,24.1258741258741
AKR1C23,AKR6A5,24.4755244755245
AKR1C23,AKR6A6,24.4755244755245
AKR1C23,AKR6A7,23.0769230769231
AKR1C23,AKR6A8,23.0769230769231
AKR1C23,AKR6A9,24.468085106383
AKR1C23,AKR6A10a,23.4265734265734
AKR1C23,AKR6A10b,23.4265734265734
AKR1C23,AKR6A12,23.4042553191489
AKR1C23,AKR6A13,23.0769230769231
AKR1C23,AKR6A14,23.4042553191489
AKR1C23,AKR7A1,20.9386281588448
AKR1C23,AKR7A2,22.5694444444445
AKR1C23,AKR7A3,21.8637992831541
AKR1C23,AKR7A4,22.2222222222222
AKR1C23,AKR7A5,21.3286713286713
AKR1C24,AKR1C25,67.1826625386997
AKR1C24,AKR1C26,69.6594427244582
AKR1C24,AKR1C27,69.3498452012384
AKR1C24,AKR1C28,67.4922600619195
AKR1C24,AKR1C29,67.4922600619195
AKR1C24,AKR1C30,67.8018575851393
AKR1C24,AKR1C31,67.1826625386997
AKR1C24,AKR1C32,66.5634674922601
AKR1C24,AKR1C33,65.8385093167702
AKR1C24,AKR1C34,84.2105263157895
AKR1C24,AKR1C35,83.5913312693499
AKR1C24,AKR1D1,51.3931888544892
AKR1C24,AKR1D2,51.2422360248447
AKR1C24,AKR1D3,51.702786377709
AKR1C24,AKR1D4,17.8321678321678
AKR1C24,AKR1E1,45.514950166113
AKR1C24,AKR1E2,46.5116279069767
AKR1C24,AKR6A1,21.602787456446
AKR1C24,AKR6A2,21.602787456446
AKR1C24,AKR6A3,20.2090592334495
AKR1C24,AKR6A4,21.2543554006969
AKR1C24,AKR6A5,21.602787456446
AKR1C24,AKR6A6,21.602787456446
AKR1C24,AKR6A7,20.2090592334495
AKR1C24,AKR6A8,20.2090592334495
AKR1C24,AKR6A9,22.9681978798586
AKR1C24,AKR6A10a,20.5574912891986
AKR1C24,AKR6A10b,20.5574912891986
AKR1C24,AKR6A12,20.8480565371025
AKR1C24,AKR6A13,20.2090592334495
AKR1C24,AKR6A14,21.2014134275618
AKR1C24,AKR7A1,19.4244604316547
AKR1C24,AKR7A2,22.1453287197232
AKR1C24,AKR7A3,20.3571428571429
AKR1C24,AKR7A4,22.1428571428571
AKR1C24,AKR7A5,19.5121951219512
AKR1C25,AKR1C26,74.9226006191951
AKR1C25,AKR1C27,76.4705882352941
AKR1C25,AKR1C28,75.5417956656347
AKR1C25,AKR1C29,76.7801857585139
AKR1C25,AKR1C30,76.4705882352941
AKR1C25,AKR1C31,77.3993808049536
AKR1C25,AKR1C32,80.4953560371517
AKR1C25,AKR1C33,74.8447204968944
AKR1C25,AKR1C34,66.5634674922601
AKR1C25,AKR1C35,68.7306501547988
AKR1C25,AKR1D1,56.0371517027864
AKR1C25,AKR1D2,57.1428571428572
AKR1C25,AKR1D3,55.1083591331269
AKR1C25,AKR1D4,19.9300699300699
AKR1C25,AKR1E1,47.8405315614618
AKR1C25,AKR1E2,47.5083056478405
AKR1C25,AKR6A1,22.6480836236934
AKR1C25,AKR6A2,22.9965156794425
AKR1C25,AKR6A3,22.6480836236934
AKR1C25,AKR6A4,22.6480836236934
AKR1C25,AKR6A5,22.9965156794425
AKR1C25,AKR6A6,22.9965156794425
AKR1C25,AKR6A7,22.6480836236934
AKR1C25,AKR6A8,22.6480836236934
AKR1C25,AKR6A9,24.0282685512368
AKR1C25,AKR6A10a,22.9965156794425
AKR1C25,AKR6A10b,22.9965156794425
AKR1C25,AKR6A12,23.321554770318
AKR1C25,AKR6A13,22.6480836236934
AKR1C25,AKR6A14,23.321554770318
AKR1C25,AKR7A1,19.4244604316547
AKR1C25,AKR7A2,21.1072664359862
AKR1C25,AKR7A3,21.0714285714286
AKR1C25,AKR7A4,20.7142857142857
AKR1C25,AKR7A5,19.5121951219512
AKR1C26,AKR1C27,87.9256965944273
AKR1C26,AKR1C28,86.9969040247678
AKR1C26,AKR1C29,79.8761609907121
AKR1C26,AKR1C30,78.9473684210526
AKR1C26,AKR1C31,79.2569659442724
AKR1C26,AKR1C32,82.3529411764706
AKR1C26,AKR1C33,74.2236024844721
AKR1C26,AKR1C34,70.8978328173375
AKR1C26,AKR1C35,69.6594427244582
AKR1C26,AKR1D1,56.3467492260062
AKR1C26,AKR1D2,55.2795031055901
AKR1C26,AKR1D3,54.4891640866873
AKR1C26,AKR1D4,19.2307692307692
AKR1C26,AKR1E1,48.1727574750831
AKR1C26,AKR1E2,47.8405315614618
AKR1C26,AKR6A1,24.7386759581881
AKR1C26,AKR6A2,24.7386759581881
AKR1C26,AKR6A3,22.9965156794425
AKR1C26,AKR6A4,24.390243902439
AKR1C26,AKR6A5,24.7386759581881
AKR1C26,AKR6A6,24.7386759581881
AKR1C26,AKR6A7,22.9965156794425
AKR1C26,AKR6A8,22.9965156794425
AKR1C26,AKR6A9,24.3816254416961
AKR1C26,AKR6A10a,23.3449477351916
AKR1C26,AKR6A10b,23.3449477351916
AKR1C26,AKR6A12,24.0282685512368
AKR1C26,AKR6A13,22.9965156794425
AKR1C26,AKR6A14,23.6749116607774
AKR1C26,AKR7A1,20.863309352518
AKR1C26,AKR7A2,23.5294117647059
AKR1C26,AKR7A3,21.7857142857143
AKR1C26,AKR7A4,23.2142857142857
AKR1C26,AKR7A5,21.602787456446
AKR1C27,AKR1C28,95.3560371517028
AKR1C27,AKR1C29,82.0433436532508
AKR1C27,AKR1C30,80.4953560371517
AKR1C27,AKR1C31,81.4241486068112
AKR1C27,AKR1C32,82.0433436532508
AKR1C27,AKR1C33,75.4658385093168
AKR1C27,AKR1C34,71.2074303405573
AKR1C27,AKR1C35,70.8978328173375
AKR1C27,AKR1D1,56.656346749226
AKR1C27,AKR1D2,55.5900621118012
AKR1C27,AKR1D3,55.4179566563467
AKR1C27,AKR1D4,19.9300699300699
AKR1C27,AKR1E1,48.5049833887043
AKR1C27,AKR1E2,47.8405315614618
AKR1C27,AKR6A1,23.3449477351916
AKR1C27,AKR6A2,23.3449477351916
AKR1C27,AKR6A3,21.9512195121951
AKR1C27,AKR6A4,22.9965156794425
AKR1C27,AKR6A5,23.3449477351916
AKR1C27,AKR6A6,23.3449477351916
AKR1C27,AKR6A7,21.9512195121951
AKR1C27,AKR6A8,21.9512195121951
AKR1C27,AKR6A9,24.3816254416961
AKR1C27,AKR6A10a,22.2996515679443
AKR1C27,AKR6A10b,22.2996515679443
AKR1C27,AKR6A12,22.9681978798586
AKR1C27,AKR6A13,21.9512195121951
AKR1C27,AKR6A14,22.9681978798586
AKR1C27,AKR7A1,19.7841726618705
AKR1C27,AKR7A2,22.8373702422145
AKR1C27,AKR7A3,21.0714285714286
AKR1C27,AKR7A4,22.5
AKR1C27,AKR7A5,20.2090592334495
AKR1C28,AKR1C29,82.0433436532508
AKR1C28,AKR1C30,80.1857585139319
AKR1C28,AKR1C31,80.8049535603715
AKR1C28,AKR1C32,81.733746130031
AKR1C28,AKR1C33,75.4658385093168
AKR1C28,AKR1C34,69.6594427244582
AKR1C28,AKR1C35,70.2786377708978
AKR1C28,AKR1D1,56.656346749226
AKR1C28,AKR1D2,55.9006211180124
AKR1C28,AKR1D3,55.4179566563467
AKR1C28,AKR1D4,19.5804195804196
AKR1C28,AKR1E1,48.8372093023256
AKR1C28,AKR1E2,48.8372093023256
AKR1C28,AKR6A1,24.0418118466899
AKR1C28,AKR6A2,24.0418118466899
AKR1C28,AKR6A3,22.2996515679443
AKR1C28,AKR6A4,23.6933797909408
AKR1C28,AKR6A5,24.0418118466899
AKR1C28,AKR6A6,24.0418118466899
AKR1C28,AKR6A7,22.2996515679443
AKR1C28,AKR6A8,22.2996515679443
AKR1C28,AKR6A9,24.7349823321555
AKR1C28,AKR6A10a,22.6480836236934
AKR1C28,AKR6A10b,22.6480836236934
AKR1C28,AKR6A12,23.6749116607774
AKR1C28,AKR6A13,22.2996515679443
AKR1C28,AKR6A14,23.6749116607774
AKR1C28,AKR7A1,20.5035971223022
AKR1C28,AKR7A2,23.1833910034602
AKR1C28,AKR7A3,21.4285714285714
AKR1C28,AKR7A4,22.8571428571429
AKR1C28,AKR7A5,20.5574912891986
AKR1C29,AKR1C30,84.5201238390093
AKR1C29,AKR1C31,85.4489164086687
AKR1C29,AKR1C32,84.8297213622291
AKR1C29,AKR1C33,77.9503105590062
AKR1C29,AKR1C34,67.1826625386997
AKR1C29,AKR1C35,69.0402476780186
AKR1C29,AKR1D1,59.7523219814242
AKR1C29,AKR1D2,59.9378881987578
AKR1C29,AKR1D3,58.5139318885449
AKR1C29,AKR1D4,19.2307692307692
AKR1C29,AKR1E1,49.5016611295681
AKR1C29,AKR1E2,49.8338870431894
AKR1C29,AKR6A1,25.4355400696864
AKR1C29,AKR6A2,25.4355400696864
AKR1C29,AKR6A3,25.7839721254355
AKR1C29,AKR6A4,25.0871080139373
AKR1C29,AKR6A5,25.4355400696864
AKR1C29,AKR6A6,25.4355400696864
AKR1C29,AKR6A7,25.7839721254355
AKR1C29,AKR6A8,25.7839721254355
AKR1C29,AKR6A9,25.7950530035336
AKR1C29,AKR6A10a,26.1324041811847
AKR1C29,AKR6A10b,26.1324041811847
AKR1C29,AKR6A12,25.0883392226148
AKR1C29,AKR6A13,25.7839721254355
AKR1C29,AKR6A14,25.0883392226148
AKR1C29,AKR7A1,21.5827338129497
AKR1C29,AKR7A2,23.5294117647059
AKR1C29,AKR7A3,21.7857142857143
AKR1C29,AKR7A4,23.2142857142857
AKR1C29,AKR7A5,21.602787456446
AKR1C30,AKR1C31,93.4984520123839
AKR1C30,AKR1C32,84.2105263157895
AKR1C30,AKR1C33,74.2236024844721
AKR1C30,AKR1C34,67.4922600619195
AKR1C30,AKR1C35,69.0402476780186
AKR1C30,AKR1D1,57.8947368421053
AKR1C30,AKR1D2,59.3167701863354
AKR1C30,AKR1D3,56.656346749226
AKR1C30,AKR1D4,19.2307692307692
AKR1C30,AKR1E1,47.1760797342193
AKR1C30,AKR1E2,48.1727574750831
AKR1C30,AKR6A1,23.3449477351916
AKR1C30,AKR6A2,23.3449477351916
AKR1C30,AKR6A3,22.9965156794425
AKR1C30,AKR6A4,22.9965156794425
AKR1C30,AKR6A5,23.3449477351916
AKR1C30,AKR6A6,23.3449477351916
AKR1C30,AKR6A7,22.9965156794425
AKR1C30,AKR6A8,22.9965156794425
AKR1C30,AKR6A9,24.0282685512368
AKR1C30,AKR6A10a,23.3449477351916
AKR1C30,AKR6A10b,23.3449477351916
AKR1C30,AKR6A12,23.6749116607774
AKR1C30,AKR6A13,22.9965156794425
AKR1C30,AKR6A14,23.6749116607774
AKR1C30,AKR7A1,20.5035971223022
AKR1C30,AKR7A2,22.8373702422145
AKR1C30,AKR7A3,21.7857142857143
AKR1C30,AKR7A4,22.1428571428571
AKR1C30,AKR7A5,20.2090592334495
AKR1C31,AKR1C32,84.2105263157895
AKR1C31,AKR1C33,75.1552795031056
AKR1C31,AKR1C34,67.1826625386997
AKR1C31,AKR1C35,68.1114551083591
AKR1C31,AKR1D1,58.5139318885449
AKR1C31,AKR1D2,59.3167701863354
AKR1C31,AKR1D3,57.5851393188854
AKR1C31,AKR1D4,18.8811188811189
AKR1C31,AKR1E1,48.8372093023256
AKR1C31,AKR1E2,48.1727574750831
AKR1C31,AKR6A1,23.6933797909408
AKR1C31,AKR6A2,23.6933797909408
AKR1C31,AKR6A3,23.3449477351916
AKR1C31,AKR6A4,23.3449477351916
AKR1C31,AKR6A5,23.6933797909408
AKR1C31,AKR6A6,23.6933797909408
AKR1C31,AKR6A7,23.3449477351916
AKR1C31,AKR6A8,23.3449477351916
AKR1C31,AKR6A9,24.3816254416961
AKR1C31,AKR6A10a,23.6933797909408
AKR1C31,AKR6A10b,23.6933797909408
AKR1C31,AKR6A12,23.6749116607774
AKR1C31,AKR6A13,23.3449477351916
AKR1C31,AKR6A14,23.6749116607774
AKR1C31,AKR7A1,21.2230215827338
AKR1C31,AKR7A2,23.5294117647059
AKR1C31,AKR7A3,21.7857142857143
AKR1C31,AKR7A4,23.2142857142857
AKR1C31,AKR7A5,21.2543554006969
AKR1C32,AKR1C33,78.2608695652174
AKR1C32,AKR1C34,67.4922600619195
AKR1C32,AKR1C35,68.421052631579
AKR1C32,AKR1D1,59.7523219814242
AKR1C32,AKR1D2,58.695652173913
AKR1C32,AKR1D3,57.8947368421053
AKR1C32,AKR1D4,19.9300699300699
AKR1C32,AKR1E1,48.8372093023256
AKR1C32,AKR1E2,48.8372093023256
AKR1C32,AKR6A1,24.0418118466899
AKR1C32,AKR6A2,24.0418118466899
AKR1C32,AKR6A3,23.3449477351916
AKR1C32,AKR6A4,23.6933797909408
AKR1C32,AKR6A5,24.0418118466899
AKR1C32,AKR6A6,24.0418118466899
AKR1C32,AKR6A7,23.3449477351916
AKR1C32,AKR6A8,23.3449477351916
AKR1C32,AKR6A9,24.7349823321555
AKR1C32,AKR6A10a,23.6933797909408
AKR1C32,AKR6A10b,23.6933797909408
AKR1C32,AKR6A12,24.0282685512368
AKR1C32,AKR6A13,23.3449477351916
AKR1C32,AKR6A14,24.0282685512368
AKR1C32,AKR7A1,21.5827338129497
AKR1C32,AKR7A2,23.1833910034602
AKR1C32,AKR7A3,22.5
AKR1C32,AKR7A4,23.5714285714286
AKR1C32,AKR7A5,21.9512195121951
AKR1C33,AKR1C34,65.2173913043478
AKR1C33,AKR1C35,66.4596273291926
AKR1C33,AKR1D1,58.0745341614907
AKR1C33,AKR1D2,56.6978193146417
AKR1C33,AKR1D3,57.1428571428572
AKR1C33,AKR1D4,18.2456140350877
AKR1C33,AKR1E1,48.3333333333333
AKR1C33,AKR1E2,47
AKR1C33,AKR6A1,23.4265734265734
AKR1C33,AKR6A2,23.7762237762238
AKR1C33,AKR6A3,21.6783216783217
AKR1C33,AKR6A4,23.4265734265734
AKR1C33,AKR6A5,23.7762237762238
AKR1C33,AKR6A6,23.7762237762238
AKR1C33,AKR6A7,21.6783216783217
AKR1C33,AKR6A8,21.6783216783217
AKR1C33,AKR6A9,23.758865248227
AKR1C33,AKR6A10a,21.6783216783217
AKR1C33,AKR6A10b,21.6783216783217
AKR1C33,AKR6A12,22.6950354609929
AKR1C33,AKR6A13,21.6783216783217
AKR1C33,AKR6A14,22.6950354609929
AKR1C33,AKR7A1,19.4945848375451
AKR1C33,AKR7A2,21.875
AKR1C33,AKR7A3,20.7885304659498
AKR1C33,AKR7A4,21.8637992831541
AKR1C33,AKR7A5,19.9300699300699
AKR1C34,AKR1C35,88.2352941176471
AKR1C34,AKR1D1,52.0123839009288
AKR1C34,AKR1D2,51.5527950310559
AKR1C34,AKR1D3,51.702786377709
AKR1C34,AKR1D4,17.8321678321678
AKR1C34,AKR1E1,43.8538205980066
AKR1C34,AKR1E2,45.514950166113
AKR1C34,AKR6A1,20.9059233449477
AKR1C34,AKR6A2,20.9059233449477
AKR1C34,AKR6A3,19.5121951219512
AKR1C34,AKR6A4,20.5574912891986
AKR1C34,AKR6A5,20.9059233449477
AKR1C34,AKR6A6,20.9059233449477
AKR1C34,AKR6A7,19.5121951219512
AKR1C34,AKR6A8,19.5121951219512
AKR1C34,AKR6A9,22.6148409893993
AKR1C34,AKR6A10a,19.8606271777004
AKR1C34,AKR6A10b,19.8606271777004
AKR1C34,AKR6A12,21.2014134275618
AKR1C34,AKR6A13,19.5121951219512
AKR1C34,AKR6A14,21.5547703180212
AKR1C34,AKR7A1,20.863309352518
AKR1C34,AKR7A2,22.8373702422145
AKR1C34,AKR7A3,21.7857142857143
AKR1C34,AKR7A4,22.5
AKR1C34,AKR7A5,20.2090592334495
AKR1C35,AKR1D1,52.6315789473684
AKR1C35,AKR1D2,52.4844720496894
AKR1C35,AKR1D3,52.0123839009288
AKR1C35,AKR1D4,17.8321678321678
AKR1C35,AKR1E1,44.8504983388704
AKR1C35,AKR1E2,45.8471760797342
AKR1C35,AKR6A1,21.602787456446
AKR1C35,AKR6A2,21.602787456446
AKR1C35,AKR6A3,20.2090592334495
AKR1C35,AKR6A4,21.2543554006969
AKR1C35,AKR6A5,21.602787456446
AKR1C35,AKR6A6,21.602787456446
AKR1C35,AKR6A7,20.2090592334495
AKR1C35,AKR6A8,20.2090592334495
AKR1C35,AKR6A9,23.321554770318
AKR1C35,AKR6A10a,20.5574912891986
AKR1C35,AKR6A10b,20.5574912891986
AKR1C35,AKR6A12,21.5547703180212
AKR1C35,AKR6A13,20.2090592334495
AKR1C35,AKR6A14,21.9081272084806
AKR1C35,AKR7A1,19.7841726618705
AKR1C35,AKR7A2,21.1072664359862
AKR1C35,AKR7A3,20.3571428571429
AKR1C35,AKR7A4,21.4285714285714
AKR1C35,AKR7A5,18.815331010453
AKR1D1,AKR1D2,82.7692307692308
AKR1D1,AKR1D3,89.5705521472393
AKR1D1,AKR1D4,17.7083333333333
AKR1D1,AKR1E1,49.1694352159469
AKR1D1,AKR1E2,48.1727574750831
AKR1D1,AKR6A1,21.1072664359862
AKR1D1,AKR6A2,21.7993079584775
AKR1D1,AKR6A3,20.6896551724138
AKR1D1,AKR6A4,21.4532871972318
AKR1D1,AKR6A5,21.4532871972318
AKR1D1,AKR6A6,21.7993079584775
AKR1D1,AKR6A7,20.6896551724138
AKR1D1,AKR6A8,20.6896551724138
AKR1D1,AKR6A9,20.979020979021
AKR1D1,AKR6A10a,21.3793103448276
AKR1D1,AKR6A10b,21.0344827586207
AKR1D1,AKR6A12,21.3286713286713
AKR1D1,AKR6A13,20.6896551724138
AKR1D1,AKR6A14,20.979020979021
AKR1D1,AKR7A1,22.5806451612903
AKR1D1,AKR7A2,24.6575342465754
AKR1D1,AKR7A3,22.6950354609929
AKR1D1,AKR7A4,25.177304964539
AKR1D1,AKR7A5,23.7931034482759
AKR1D2,AKR1D3,80.9230769230769
AKR1D2,AKR1D4,18.815331010453
AKR1D2,AKR1E1,50.6666666666667
AKR1D2,AKR1E2,49
AKR1D2,AKR6A1,19.7916666666667
AKR1D2,AKR6A2,20.1388888888889
AKR1D2,AKR6A3,20.7612456747405
AKR1D2,AKR6A4,19.7916666666667
AKR1D2,AKR6A5,19.7916666666667
AKR1D2,AKR6A6,20.1388888888889
AKR1D2,AKR6A7,20.7612456747405
AKR1D2,AKR6A8,20.7612456747405
AKR1D2,AKR6A9,20
AKR1D2,AKR6A10a,21.1072664359862
AKR1D2,AKR6A10b,20.7612456747405
AKR1D2,AKR6A12,20
AKR1D2,AKR6A13,20.7612456747405
AKR1D2,AKR6A14,20
AKR1D2,AKR7A1,21.9424460431655
AKR1D2,AKR7A2,24.0549828178694
AKR1D2,AKR7A3,22.0640569395018
AKR1D2,AKR7A4,23.1316725978648
AKR1D2,AKR7A5,21.1072664359862
AKR1D3,AKR1D4,17.7083333333333
AKR1D3,AKR1E1,48.5049833887043
AKR1D3,AKR1E2,47.8405315614618
AKR1D3,AKR6A1,19.7231833910035
AKR1D3,AKR6A2,20.4152249134948
AKR1D3,AKR6A3,19.6551724137931
AKR1D3,AKR6A4,20.0692041522491
AKR1D3,AKR6A5,20.0692041522491
AKR1D3,AKR6A6,20.4152249134948
AKR1D3,AKR6A7,19.6551724137931
AKR1D3,AKR6A8,19.6551724137931
AKR1D3,AKR6A9,20.2797202797203
AKR1D3,AKR6A10a,20.3448275862069
AKR1D3,AKR6A10b,20.3448275862069
AKR1D3,AKR6A12,19.9300699300699
AKR1D3,AKR6A13,19.6551724137931
AKR1D3,AKR6A14,19.9300699300699
AKR1D3,AKR7A1,21.8637992831541
AKR1D3,AKR7A2,23.2876712328767
AKR1D3,AKR7A3,21.6312056737589
AKR1D3,AKR7A4,23.758865248227
AKR1D3,AKR7A5,22.0689655172414
AKR1D4,AKR1E1,15.1515151515152
AKR1D4,AKR1E2,14.7169811320755
AKR1D4,AKR6A1,15.1943462897527
AKR1D4,AKR6A2,15.1943462897527
AKR1D4,AKR6A3,16.2337662337662
AKR1D4,AKR6A4,14.8409893992933
AKR1D4,AKR6A5,15.1943462897527
AKR1D4,AKR6A6,15.1943462897527
AKR1D4,AKR6A7,16.5584415584416
AKR1D4,AKR6A8,16.5584415584416
AKR1D4,AKR6A9,16.6112956810631
AKR1D4,AKR6A10a,15.9090909090909
AKR1D4,AKR6A10b,15.5844155844156
AKR1D4,AKR6A12,16.9435215946844
AKR1D4,AKR6A13,16.2337662337662
AKR1D4,AKR6A14,16.9435215946844
AKR1D4,AKR7A1,14.7058823529412
AKR1D4,AKR7A2,15.2542372881356
AKR1D4,AKR7A3,15.5797101449275
AKR1D4,AKR7A4,16.4874551971326
AKR1D4,AKR7A5,15.3333333333333
AKR1E1,AKR1E2,74.0863787375415
AKR1E1,AKR6A1,23.7735849056604
AKR1E1,AKR6A2,23.7735849056604
AKR1E1,AKR6A3,22.2641509433962
AKR1E1,AKR6A4,23.3962264150943
AKR1E1,AKR6A5,23.7735849056604
AKR1E1,AKR6A6,23.7735849056604
AKR1E1,AKR6A7,22.2641509433962
AKR1E1,AKR6A8,22.2641509433962
AKR1E1,AKR6A9,22.2222222222222
AKR1E1,AKR6A10a,22.2641509433962
AKR1E1,AKR6A10b,22.2641509433962
AKR1E1,AKR6A12,22.2222222222222
AKR1E1,AKR6A13,22.2641509433962
AKR1E1,AKR6A14,21.455938697318
AKR1E1,AKR7A1,18.7265917602996
AKR1E1,AKR7A2,20.5992509363296
AKR1E1,AKR7A3,18.7265917602996
AKR1E1,AKR7A4,20.2247191011236
AKR1E1,AKR7A5,18.8679245283019
AKR1E2,AKR6A1,23.0188679245283
AKR1E2,AKR6A2,23.0188679245283
AKR1E2,AKR6A3,23.3962264150943
AKR1E2,AKR6A4,22.6415094339623
AKR1E2,AKR6A5,23.0188679245283
AKR1E2,AKR6A6,23.0188679245283
AKR1E2,AKR6A7,23.3962264150943
AKR1E2,AKR6A8,23.3962264150943
AKR1E2,AKR6A9,22.2222222222222
AKR1E2,AKR6A10a,23.3962264150943
AKR1E2,AKR6A10b,23.3962264150943
AKR1E2,AKR6A12,22.6053639846743
AKR1E2,AKR6A13,23.3962264150943
AKR1E2,AKR6A14,21.8390804597701
AKR1E2,AKR7A1,19.8501872659176
AKR1E2,AKR7A2,22.0973782771536
AKR1E2,AKR7A3,19.8501872659176
AKR1E2,AKR7A4,20.9737827715356
AKR1E2,AKR7A5,19.2452830188679
AKR6A1,AKR6A2,98.9100817438692
AKR6A1,AKR6A3,78.4153005464481
AKR6A1,AKR6A4,98.0926430517711
AKR6A1,AKR6A5,98.8668555240793
AKR6A1,AKR6A6,98.8668555240793
AKR6A1,AKR6A7,78.4153005464481
AKR6A1,AKR6A8,78.4153005464481
AKR6A1,AKR6A9,69.3370165745856
AKR6A1,AKR6A10a,77.8688524590164
AKR6A1,AKR6A10b,77.8688524590164
AKR6A1,AKR6A12,68.232044198895
AKR6A1,AKR6A13,78.4153005464481
AKR6A1,AKR6A14,68.5082872928177
AKR6A1,AKR7A1,27
AKR6A1,AKR7A2,26.4797507788162
AKR6A1,AKR7A3,26.158940397351
AKR6A1,AKR7A4,27.1844660194175
AKR6A1,AKR7A5,26.7080745341615
AKR6A2,AKR6A3,78.9617486338798
AKR6A2,AKR6A4,99.1825613079019
AKR6A2,AKR6A5,98.300283286119
AKR6A2,AKR6A6,98.8668555240793
AKR6A2,AKR6A7,78.9617486338798
AKR6A2,AKR6A8,78.9617486338798
AKR6A2,AKR6A9,69.6132596685083
AKR6A2,AKR6A10a,78.4153005464481
AKR6A2,AKR6A10b,78.4153005464481
AKR6A2,AKR6A12,68.5082872928177
AKR6A2,AKR6A13,78.9617486338798
AKR6A2,AKR6A14,68.7845303867403
AKR6A2,AKR7A1,27
AKR6A2,AKR7A2,26.4797507788162
AKR6A2,AKR7A3,26.158940397351
AKR6A2,AKR7A4,27.1844660194175
AKR6A2,AKR7A5,26.7080745341615
AKR6A3,AKR6A4,78.1420765027322
AKR6A3,AKR6A5,80.9659090909091
AKR6A3,AKR6A6,81.5340909090909
AKR6A3,AKR6A7,99.7506234413965
AKR6A3,AKR6A8,99.7506234413965
AKR6A3,AKR6A9,71.2793733681462
AKR6A3,AKR6A10a,87.0324189526185
AKR6A3,AKR6A10b,86.284289276808
AKR6A3,AKR6A12,70.2349869451697
AKR6A3,AKR6A13,100
AKR6A3,AKR6A14,70.757180156658
AKR6A3,AKR7A1,27.3333333333333
AKR6A3,AKR7A2,26.3157894736842
AKR6A3,AKR7A3,26.3157894736842
AKR6A3,AKR7A4,27.3311897106109
AKR6A3,AKR7A5,26.0736196319019
AKR6A4,AKR6A5,97.4504249291785
AKR6A4,AKR6A6,98.0169971671388
AKR6A4,AKR6A7,78.1420765027322
AKR6A4,AKR6A8,78.1420765027322
AKR6A4,AKR6A9,68.7845303867403
AKR6A4,AKR6A10a,77.5956284153005
AKR6A4,AKR6A10b,77.5956284153005
AKR6A4,AKR6A12,67.9558011049724
AKR6A4,AKR6A13,78.1420765027322
AKR6A4,AKR6A14,68.232044198895
AKR6A4,AKR7A1,26.3333333333333
AKR6A4,AKR7A2,25.8566978193146
AKR6A4,AKR7A3,25.4966887417219
AKR6A4,AKR7A4,26.537216828479
AKR6A4,AKR7A5,26.3975155279503
AKR6A5,AKR6A6,99.4334277620397
AKR6A5,AKR6A7,80.9659090909091
AKR6A5,AKR6A8,80.9659090909091
AKR6A5,AKR6A9,71.551724137931
AKR6A5,AKR6A10a,80.6818181818182
AKR6A5,AKR6A10b,80.6818181818182
AKR6A5,AKR6A12,70.4022988505747
AKR6A5,AKR6A13,80.9659090909091
AKR6A5,AKR6A14,70.6896551724138
AKR6A5,AKR7A1,26.3333333333333
AKR6A5,AKR7A2,25.8566978193146
AKR6A5,AKR7A3,25.4966887417219
AKR6A5,AKR7A4,26.537216828479
AKR6A5,AKR7A5,26.0869565217391
AKR6A6,AKR6A7,81.5340909090909
AKR6A6,AKR6A8,81.5340909090909
AKR6A6,AKR6A9,72.1264367816092
AKR6A6,AKR6A10a,81.25
AKR6A6,AKR6A10b,81.25
AKR6A6,AKR6A12,70.9770114942529
AKR6A6,AKR6A13,81.5340909090909
AKR6A6,AKR6A14,71.264367816092
AKR6A6,AKR7A1,27
AKR6A6,AKR7A2,26.4797507788162
AKR6A6,AKR7A3,26.158940397351
AKR6A6,AKR7A4,27.1844660194175
AKR6A6,AKR7A5,26.7080745341615
AKR6A7,AKR6A8,100
AKR6A7,AKR6A9,71.2793733681462
AKR6A7,AKR6A10a,86.783042394015
AKR6A7,AKR6A10b,86.0349127182045
AKR6A7,AKR6A12,70.2349869451697
AKR6A7,AKR6A13,99.7506234413965
AKR6A7,AKR6A14,70.757180156658
AKR6A7,AKR7A1,27.3333333333333
AKR6A7,AKR7A2,26.3157894736842
AKR6A7,AKR7A3,26.3157894736842
AKR6A7,AKR7A4,27.3311897106109
AKR6A7,AKR7A5,26.0736196319019
AKR6A8,AKR6A9,71.2793733681462
AKR6A8,AKR6A10a,86.783042394015
AKR6A8,AKR6A10b,86.0349127182045
AKR6A8,AKR6A12,70.2349869451697
AKR6A8,AKR6A13,99.7506234413965
AKR6A8,AKR6A14,70.757180156658
AKR6A8,AKR7A1,27.3333333333333
AKR6A8,AKR7A2,26.3157894736842
AKR6A8,AKR7A3,26.3157894736842
AKR6A8,AKR7A4,27.3311897106109
AKR6A8,AKR7A5,26.0736196319019
AKR6A9,AKR6A10a,68.668407310705
AKR6A9,AKR6A10b,68.9295039164491
AKR6A9,AKR6A12,92.3267326732673
AKR6A9,AKR6A13,71.2793733681462
AKR6A9,AKR6A14,93.0693069306931
AKR6A9,AKR7A1,25.8389261744966
AKR6A9,AKR7A2,26.1538461538461
AKR6A9,AKR7A3,27.4834437086093
AKR6A9,AKR7A4,26.537216828479
AKR6A9,AKR7A5,25.5192878338279
AKR6A10a,AKR6A10b,97.3039215686274
AKR6A10a,AKR6A12,67.3629242819843
AKR6A10a,AKR6A13,87.0324189526185
AKR6A10a,AKR6A14,67.6240208877284
AKR6A10a,AKR7A1,27.3333333333333
AKR6A10a,AKR7A2,26.625386996904
AKR6A10a,AKR7A3,26.3157894736842
AKR6A10a,AKR7A4,27.0096463022508
AKR6A10a,AKR7A5,25.7668711656442
AKR6A10b,AKR6A12,67.3629242819843
AKR6A10b,AKR6A13,86.284289276808
AKR6A10b,AKR6A14,67.6240208877284
AKR6A10b,AKR7A1,27.3333333333333
AKR6A10b,AKR7A2,26.0061919504644
AKR6A10b,AKR7A3,26.3157894736842
AKR6A10b,AKR7A4,27.0096463022508
AKR6A10b,AKR7A5,25.4601226993865
AKR6A12,AKR6A13,70.2349869451697
AKR6A12,AKR6A14,96.7821782178218
AKR6A12,AKR7A1,26.1744966442953
AKR6A12,AKR7A2,25.5384615384615
AKR6A12,AKR7A3,27.4834437086093
AKR6A12,AKR7A4,26.537216828479
AKR6A12,AKR7A5,26.1127596439169
AKR6A13,AKR6A14,70.757180156658
AKR6A13,AKR7A1,27.3333333333333
AKR6A13,AKR7A2,26.3157894736842
AKR6A13,AKR7A3,26.3157894736842
AKR6A13,AKR7A4,27.3311897106109
AKR6A13,AKR7A5,26.0736196319019
AKR6A14,AKR7A1,26.510067114094
AKR6A14,AKR7A2,25.8461538461538
AKR6A14,AKR7A3,27.4834437086093
AKR6A14,AKR7A4,26.8608414239482
AKR6A14,AKR7A5,26.1127596439169
AKR7A1,AKR7A2,78.8990825688073
AKR7A1,AKR7A3,81.0397553516819
AKR7A1,AKR7A4,79.5107033639144
AKR7A1,AKR7A5,78.7692307692308
AKR7A2,AKR7A3,87.6132930513595
AKR7A2,AKR7A4,87.8698224852071
AKR7A2,AKR7A5,84.0909090909091
AKR7A3,AKR7A4,81.2688821752266
AKR7A3,AKR7A5,83.2826747720365
AKR7A4,AKR7A5,88.9880952380952
