AKR1A3,AKR1A4,97.2307692307692
AKR1A3,AKR1B3,50.6369426751592
AKR1A3,AKR1B4,50.6369426751592
AKR1A3,AKR1B7,50
AKR1A3,AKR1B8,50.3184713375796
AKR1A3,AKR1B9,48.7261146496815
AKR1A3,AKR1B13,50
AKR1A3,AKR1B14,49.3630573248408
AKR1A3,AKR1B18,48.7261146496815
AKR1A3,AKR1C6,42.8571428571429
AKR1A3,AKR1C8,39.047619047619
AKR1A3,AKR1C9,39.171974522293
AKR1A3,AKR1C12,41.5873015873016
AKR1A3,AKR1C13,43.1746031746032
AKR1A3,AKR1C14,38.0952380952381
AKR1A3,AKR1C15,41.9047619047619
AKR1A3,AKR1C16,41.9871794871795
AKR1A3,AKR1C17,40.1273885350318
AKR1A3,AKR1C18,40.4844290657439
AKR1A3,AKR1C19,41.2698412698413
AKR1A3,AKR1C20,41.3385826771654
AKR1A3,AKR1C21,40.3174603174603
AKR1A3,AKR1C22,43.4920634920635
AKR1A3,AKR1C24,40
AKR1A3,AKR1C34,42.5396825396826
AKR1A3,AKR1C35,41.2698412698413
AKR1A3,AKR1D2,45.3968253968254
AKR1A3,AKR1D4,14.0893470790378
AKR1A3,AKR1E1,48.1605351170569
AKR1A3,AKR6A2,21.0714285714286
AKR1A3,AKR6A4,20.7142857142857
AKR1A3,AKR6A8,21.4285714285714
AKR1A3,AKR6A12,20.6521739130435
AKR1A3,AKR6A13,21.4285714285714
AKR1A3,AKR6A14,20.6521739130435
AKR1A3,AKR7A1,23.1617647058824
AKR1A3,AKR7A4,22.463768115942
AKR1A3,AKR7A5,20.5035971223022
AKR1A4,AKR1B3,50.9554140127389
AKR1A4,AKR1B4,50.9554140127389
AKR1A4,AKR1B7,50
AKR1A4,AKR1B8,50.9554140127389
AKR1A4,AKR1B9,49.3630573248408
AKR1A4,AKR1B13,50.6369426751592
AKR1A4,AKR1B14,50
AKR1A4,AKR1B18,49.3630573248408
AKR1A4,AKR1C6,43.8095238095238
AKR1A4,AKR1C8,39.6825396825397
AKR1A4,AKR1C9,40.1273885350318
AKR1A4,AKR1C12,41.5873015873016
AKR1A4,AKR1C13,43.1746031746032
AKR1A4,AKR1C14,38.7301587301587
AKR1A4,AKR1C15,42.5396825396826
AKR1A4,AKR1C16,42.6282051282051
AKR1A4,AKR1C17,40.7643312101911
AKR1A4,AKR1C18,41.1764705882353
AKR1A4,AKR1C19,41.9047619047619
AKR1A4,AKR1C20,42.1259842519685
AKR1A4,AKR1C21,41.2698412698413
AKR1A4,AKR1C22,43.4920634920635
AKR1A4,AKR1C24,40
AKR1A4,AKR1C34,42.5396825396826
AKR1A4,AKR1C35,41.2698412698413
AKR1A4,AKR1D2,45.0793650793651
AKR1A4,AKR1D4,14.0893470790378
AKR1A4,AKR1E1,48.494983277592
AKR1A4,AKR6A2,21.7857142857143
AKR1A4,AKR6A4,21.4285714285714
AKR1A4,AKR6A8,21.4285714285714
AKR1A4,AKR6A12,21.0144927536232
AKR1A4,AKR6A13,21.4285714285714
AKR1A4,AKR6A14,21.0144927536232
AKR1A4,AKR7A1,23.5294117647059
AKR1A4,AKR7A4,22.8260869565217
AKR1A4,AKR7A5,20.863309352518
AKR1B3,AKR1B4,96.8354430379747
AKR1B3,AKR1B7,69.3037974683544
AKR1B3,AKR1B8,68.9873417721519
AKR1B3,AKR1B9,69.620253164557
AKR1B3,AKR1B13,68.9873417721519
AKR1B3,AKR1B14,67.4050632911392
AKR1B3,AKR1B18,68.9873417721519
AKR1B3,AKR1C6,49.3670886075949
AKR1B3,AKR1C8,44.9367088607595
AKR1B3,AKR1C9,46.3492063492063
AKR1B3,AKR1C12,47.7848101265823
AKR1B3,AKR1C13,47.1518987341772
AKR1B3,AKR1C14,45.8860759493671
AKR1B3,AKR1C15,50.3164556962025
AKR1B3,AKR1C16,47.7707006369427
AKR1B3,AKR1C17,45.7142857142857
AKR1B3,AKR1C18,45.5172413793103
AKR1B3,AKR1C19,47.7848101265823
AKR1B3,AKR1C20,50.1960784313725
AKR1B3,AKR1C21,45.253164556962
AKR1B3,AKR1C22,46.8354430379747
AKR1B3,AKR1C24,47.4683544303797
AKR1B3,AKR1C34,44.620253164557
AKR1B3,AKR1C35,45.5696202531646
AKR1B3,AKR1D2,50.6329113924051
AKR1B3,AKR1D4,13.4275618374558
AKR1B3,AKR1E1,61.1295681063123
AKR1B3,AKR6A2,23.4875444839858
AKR1B3,AKR6A4,23.1316725978648
AKR1B3,AKR6A8,23.1316725978648
AKR1B3,AKR6A12,22.3826714801444
AKR1B3,AKR6A13,23.1316725978648
AKR1B3,AKR6A14,22.3826714801444
AKR1B3,AKR7A1,20.8791208791209
AKR1B3,AKR7A4,19.85559566787
AKR1B3,AKR7A5,18.705035971223
AKR1B4,AKR1B7,68.9873417721519
AKR1B4,AKR1B8,68.9873417721519
AKR1B4,AKR1B9,70.5696202531646
AKR1B4,AKR1B13,69.3037974683544
AKR1B4,AKR1B14,67.4050632911392
AKR1B4,AKR1B18,68.9873417721519
AKR1B4,AKR1C6,49.0506329113924
AKR1B4,AKR1C8,44.620253164557
AKR1B4,AKR1C9,45.7142857142857
AKR1B4,AKR1C12,47.4683544303797
AKR1B4,AKR1C13,46.8354430379747
AKR1B4,AKR1C14,45.253164556962
AKR1B4,AKR1C15,50.6329113924051
AKR1B4,AKR1C16,47.452229299363
AKR1B4,AKR1C17,45.3968253968254
AKR1B4,AKR1C18,45.1724137931034
AKR1B4,AKR1C19,47.4683544303797
AKR1B4,AKR1C20,49.8039215686275
AKR1B4,AKR1C21,44.9367088607595
AKR1B4,AKR1C22,46.5189873417722
AKR1B4,AKR1C24,47.1518987341772
AKR1B4,AKR1C34,44.3037974683544
AKR1B4,AKR1C35,44.9367088607595
AKR1B4,AKR1D2,51.2658227848101
AKR1B4,AKR1D4,13.4275618374558
AKR1B4,AKR1E1,61.1295681063123
AKR1B4,AKR6A2,23.1316725978648
AKR1B4,AKR6A4,22.7758007117438
AKR1B4,AKR6A8,22.4199288256228
AKR1B4,AKR6A12,22.3826714801444
AKR1B4,AKR6A13,22.4199288256228
AKR1B4,AKR6A14,22.3826714801444
AKR1B4,AKR7A1,20.5128205128205
AKR1B4,AKR7A4,19.4945848375451
AKR1B4,AKR7A5,18.3453237410072
AKR1B7,AKR1B8,82.2784810126582
AKR1B7,AKR1B9,79.4303797468354
AKR1B7,AKR1B13,81.9620253164557
AKR1B7,AKR1B14,86.7088607594937
AKR1B7,AKR1B18,85.4430379746835
AKR1B7,AKR1C6,45.253164556962
AKR1B7,AKR1C8,42.7215189873418
AKR1B7,AKR1C9,44.1269841269841
AKR1B7,AKR1C12,45.253164556962
AKR1B7,AKR1C13,45.253164556962
AKR1B7,AKR1C14,42.4050632911392
AKR1B7,AKR1C15,46.8354430379747
AKR1B7,AKR1C16,47.452229299363
AKR1B7,AKR1C17,45.3968253968254
AKR1B7,AKR1C18,42.4137931034483
AKR1B7,AKR1C19,44.620253164557
AKR1B7,AKR1C20,45.8823529411765
AKR1B7,AKR1C21,41.7721518987342
AKR1B7,AKR1C22,44.9367088607595
AKR1B7,AKR1C24,44.9367088607595
AKR1B7,AKR1C34,44.3037974683544
AKR1B7,AKR1C35,46.2025316455696
AKR1B7,AKR1D2,48.4177215189873
AKR1B7,AKR1D4,11.3074204946996
AKR1B7,AKR1E1,60.4651162790698
AKR1B7,AKR6A2,20.6405693950178
AKR1B7,AKR6A4,20.2846975088968
AKR1B7,AKR6A8,21.7081850533808
AKR1B7,AKR6A12,21.2996389891697
AKR1B7,AKR6A13,21.7081850533808
AKR1B7,AKR6A14,21.2996389891697
AKR1B7,AKR7A1,17.948717948718
AKR1B7,AKR7A4,18.4115523465704
AKR1B7,AKR7A5,16.546762589928
AKR1B8,AKR1B9,92.0886075949367
AKR1B8,AKR1B13,94.620253164557
AKR1B8,AKR1B14,83.5443037974684
AKR1B8,AKR1B18,84.4936708860759
AKR1B8,AKR1C6,44.620253164557
AKR1B8,AKR1C8,42.0886075949367
AKR1B8,AKR1C9,44.1269841269841
AKR1B8,AKR1C12,46.2025316455696
AKR1B8,AKR1C13,46.8354430379747
AKR1B8,AKR1C14,43.0379746835443
AKR1B8,AKR1C15,46.5189873417722
AKR1B8,AKR1C16,47.452229299363
AKR1B8,AKR1C17,45.0793650793651
AKR1B8,AKR1C18,42.4137931034483
AKR1B8,AKR1C19,45.8860759493671
AKR1B8,AKR1C20,46.6666666666667
AKR1B8,AKR1C21,43.0379746835443
AKR1B8,AKR1C22,46.5189873417722
AKR1B8,AKR1C24,45.253164556962
AKR1B8,AKR1C34,44.3037974683544
AKR1B8,AKR1C35,46.2025316455696
AKR1B8,AKR1D2,49.0506329113924
AKR1B8,AKR1D4,12.3674911660777
AKR1B8,AKR1E1,59.1362126245847
AKR1B8,AKR6A2,22.7758007117438
AKR1B8,AKR6A4,22.4199288256228
AKR1B8,AKR6A8,22.4199288256228
AKR1B8,AKR6A12,21.6606498194946
AKR1B8,AKR6A13,22.4199288256228
AKR1B8,AKR6A14,21.6606498194946
AKR1B8,AKR7A1,17.2161172161172
AKR1B8,AKR7A4,17.3285198555957
AKR1B8,AKR7A5,15.8273381294964
AKR1B9,AKR1B13,91.1392405063291
AKR1B9,AKR1B14,81.3291139240506
AKR1B9,AKR1B18,81.3291139240506
AKR1B9,AKR1C6,45.253164556962
AKR1B9,AKR1C8,43.3544303797468
AKR1B9,AKR1C9,45.7142857142857
AKR1B9,AKR1C12,47.1518987341772
AKR1B9,AKR1C13,47.7848101265823
AKR1B9,AKR1C14,44.620253164557
AKR1B9,AKR1C15,47.7848101265823
AKR1B9,AKR1C16,47.7707006369427
AKR1B9,AKR1C17,45.7142857142857
AKR1B9,AKR1C18,43.448275862069
AKR1B9,AKR1C19,44.9367088607595
AKR1B9,AKR1C20,47.843137254902
AKR1B9,AKR1C21,43.9873417721519
AKR1B9,AKR1C22,47.4683544303797
AKR1B9,AKR1C24,45.5696202531646
AKR1B9,AKR1C34,44.620253164557
AKR1B9,AKR1C35,46.5189873417722
AKR1B9,AKR1D2,50.3164556962025
AKR1B9,AKR1D4,14.1342756183746
AKR1B9,AKR1E1,57.8073089700997
AKR1B9,AKR6A2,22.7758007117438
AKR1B9,AKR6A4,22.4199288256228
AKR1B9,AKR6A8,23.1316725978648
AKR1B9,AKR6A12,23.1046931407942
AKR1B9,AKR6A13,23.1316725978648
AKR1B9,AKR6A14,22.7436823104693
AKR1B9,AKR7A1,17.5824175824176
AKR1B9,AKR7A4,17.6895306859206
AKR1B9,AKR7A5,15.8273381294964
AKR1B13,AKR1B14,83.2278481012658
AKR1B13,AKR1B18,84.1772151898734
AKR1B13,AKR1C6,44.620253164557
AKR1B13,AKR1C8,43.3544303797468
AKR1B13,AKR1C9,43.8095238095238
AKR1B13,AKR1C12,45.8860759493671
AKR1B13,AKR1C13,46.8354430379747
AKR1B13,AKR1C14,42.4050632911392
AKR1B13,AKR1C15,45.5696202531646
AKR1B13,AKR1C16,47.452229299363
AKR1B13,AKR1C17,44.7619047619048
AKR1B13,AKR1C18,43.448275862069
AKR1B13,AKR1C19,45.8860759493671
AKR1B13,AKR1C20,47.0588235294118
AKR1B13,AKR1C21,42.7215189873418
AKR1B13,AKR1C22,46.5189873417722
AKR1B13,AKR1C24,45.253164556962
AKR1B13,AKR1C34,44.620253164557
AKR1B13,AKR1C35,45.8860759493671
AKR1B13,AKR1D2,49.0506329113924
AKR1B13,AKR1D4,12.3674911660777
AKR1B13,AKR1E1,58.8039867109634
AKR1B13,AKR6A2,23.1316725978648
AKR1B13,AKR6A4,22.7758007117438
AKR1B13,AKR6A8,22.7758007117438
AKR1B13,AKR6A12,22.0216606498195
AKR1B13,AKR6A13,22.7758007117438
AKR1B13,AKR6A14,22.0216606498195
AKR1B13,AKR7A1,16.8498168498168
AKR1B13,AKR7A4,16.9675090252708
AKR1B13,AKR7A5,15.4676258992806
AKR1B14,AKR1B18,88.2911392405063
AKR1B14,AKR1C6,46.5189873417722
AKR1B14,AKR1C8,42.7215189873418
AKR1B14,AKR1C9,46.6666666666667
AKR1B14,AKR1C12,46.8354430379747
AKR1B14,AKR1C13,46.8354430379747
AKR1B14,AKR1C14,44.9367088607595
AKR1B14,AKR1C15,47.4683544303797
AKR1B14,AKR1C16,47.7707006369427
AKR1B14,AKR1C17,46.3492063492063
AKR1B14,AKR1C18,43.1034482758621
AKR1B14,AKR1C19,45.5696202531646
AKR1B14,AKR1C20,46.6666666666667
AKR1B14,AKR1C21,44.3037974683544
AKR1B14,AKR1C22,46.5189873417722
AKR1B14,AKR1C24,45.8860759493671
AKR1B14,AKR1C34,45.253164556962
AKR1B14,AKR1C35,45.8860759493671
AKR1B14,AKR1D2,48.7341772151899
AKR1B14,AKR1D4,12.3674911660777
AKR1B14,AKR1E1,59.1362126245847
AKR1B14,AKR6A2,22.7758007117438
AKR1B14,AKR6A4,22.4199288256228
AKR1B14,AKR6A8,22.7758007117438
AKR1B14,AKR6A12,22.3826714801444
AKR1B14,AKR6A13,22.7758007117438
AKR1B14,AKR6A14,21.6606498194946
AKR1B14,AKR7A1,17.2161172161172
AKR1B14,AKR7A4,18.0505415162455
AKR1B14,AKR7A5,16.1870503597122
AKR1B18,AKR1C6,46.8354430379747
AKR1B18,AKR1C8,43.6708860759494
AKR1B18,AKR1C9,45.7142857142857
AKR1B18,AKR1C12,46.5189873417722
AKR1B18,AKR1C13,46.8354430379747
AKR1B18,AKR1C14,43.9873417721519
AKR1B18,AKR1C15,47.1518987341772
AKR1B18,AKR1C16,48.0891719745223
AKR1B18,AKR1C17,46.6666666666667
AKR1B18,AKR1C18,43.7931034482759
AKR1B18,AKR1C19,45.5696202531646
AKR1B18,AKR1C20,47.0588235294118
AKR1B18,AKR1C21,43.9873417721519
AKR1B18,AKR1C22,46.5189873417722
AKR1B18,AKR1C24,46.2025316455696
AKR1B18,AKR1C34,43.6708860759494
AKR1B18,AKR1C35,45.5696202531646
AKR1B18,AKR1D2,48.7341772151899
AKR1B18,AKR1D4,11.3074204946996
AKR1B18,AKR1E1,59.8006644518272
AKR1B18,AKR6A2,22.0640569395018
AKR1B18,AKR6A4,21.7081850533808
AKR1B18,AKR6A8,22.0640569395018
AKR1B18,AKR6A12,20.9386281588448
AKR1B18,AKR6A13,22.0640569395018
AKR1B18,AKR6A14,20.9386281588448
AKR1B18,AKR7A1,17.5824175824176
AKR1B18,AKR7A4,18.4115523465704
AKR1B18,AKR7A5,15.8273381294964
AKR1C6,AKR1C8,69.3498452012384
AKR1C6,AKR1C9,71.7391304347826
AKR1C6,AKR1C12,67.1826625386997
AKR1C6,AKR1C13,65.9442724458204
AKR1C6,AKR1C14,72.7554179566564
AKR1C6,AKR1C15,70.8978328173375
AKR1C6,AKR1C16,66.0377358490566
AKR1C6,AKR1C17,66.3551401869159
AKR1C6,AKR1C18,71.3804713804714
AKR1C6,AKR1C19,69.969040247678
AKR1C6,AKR1C20,88.1679389312977
AKR1C6,AKR1C21,76.4705882352941
AKR1C6,AKR1C22,65.9442724458204
AKR1C6,AKR1C24,66.5634674922601
AKR1C6,AKR1C34,66.5634674922601
AKR1C6,AKR1C35,68.421052631579
AKR1C6,AKR1D2,57.5851393188854
AKR1C6,AKR1D4,18.2758620689655
AKR1C6,AKR1E1,47.8405315614618
AKR1C6,AKR6A2,22.2222222222222
AKR1C6,AKR6A4,21.875
AKR1C6,AKR6A8,21.875
AKR1C6,AKR6A12,23.2394366197183
AKR1C6,AKR6A13,21.875
AKR1C6,AKR6A14,23.2394366197183
AKR1C6,AKR7A1,21.0144927536232
AKR1C6,AKR7A4,22.5
AKR1C6,AKR7A5,21.1267605633803
AKR1C8,AKR1C9,67.3913043478261
AKR1C8,AKR1C12,65.6346749226006
AKR1C8,AKR1C13,64.3962848297214
AKR1C8,AKR1C14,68.1114551083591
AKR1C8,AKR1C15,62.2291021671827
AKR1C8,AKR1C16,64.1509433962264
AKR1C8,AKR1C17,63.5514018691589
AKR1C8,AKR1C18,93.9393939393939
AKR1C8,AKR1C19,66.5634674922601
AKR1C8,AKR1C20,69.0839694656488
AKR1C8,AKR1C21,68.7306501547988
AKR1C8,AKR1C22,64.3962848297214
AKR1C8,AKR1C24,64.7058823529412
AKR1C8,AKR1C34,64.7058823529412
AKR1C8,AKR1C35,65.015479876161
AKR1C8,AKR1D2,52.0123839009288
AKR1C8,AKR1D4,19.6551724137931
AKR1C8,AKR1E1,46.1794019933555
AKR1C8,AKR6A2,21.875
AKR1C8,AKR6A4,21.5277777777778
AKR1C8,AKR6A8,22.9166666666667
AKR1C8,AKR6A12,21.4788732394366
AKR1C8,AKR6A13,22.9166666666667
AKR1C8,AKR6A14,21.4788732394366
AKR1C8,AKR7A1,20.6521739130435
AKR1C8,AKR7A4,20
AKR1C8,AKR7A5,19.7183098591549
AKR1C9,AKR1C12,65.527950310559
AKR1C9,AKR1C13,64.5962732919255
AKR1C9,AKR1C14,87.2670807453416
AKR1C9,AKR1C15,64.5962732919255
AKR1C9,AKR1C16,65.615141955836
AKR1C9,AKR1C17,63.4375
AKR1C9,AKR1C18,69.5945945945946
AKR1C9,AKR1C19,67.0807453416149
AKR1C9,AKR1C20,69.0839694656488
AKR1C9,AKR1C21,69.2546583850932
AKR1C9,AKR1C22,64.5962732919255
AKR1C9,AKR1C24,64.2857142857143
AKR1C9,AKR1C34,64.9068322981366
AKR1C9,AKR1C35,66.4596273291926
AKR1C9,AKR1D2,51.5527950310559
AKR1C9,AKR1D4,16.2068965517241
AKR1C9,AKR1E1,45
AKR1C9,AKR6A2,22.5694444444445
AKR1C9,AKR6A4,22.2222222222222
AKR1C9,AKR6A8,21.5277777777778
AKR1C9,AKR6A12,22.1830985915493
AKR1C9,AKR6A13,21.5277777777778
AKR1C9,AKR6A14,21.4788732394366
AKR1C9,AKR7A1,18.4782608695652
AKR1C9,AKR7A4,18.5714285714286
AKR1C9,AKR7A5,17.9577464788732
AKR1C12,AKR1C13,94.1176470588235
AKR1C12,AKR1C14,64.7058823529412
AKR1C12,AKR1C15,64.0866873065016
AKR1C12,AKR1C16,88.9937106918239
AKR1C12,AKR1C17,85.981308411215
AKR1C12,AKR1C18,67.003367003367
AKR1C12,AKR1C19,73.9938080495356
AKR1C12,AKR1C20,64.8854961832061
AKR1C12,AKR1C21,65.3250773993808
AKR1C12,AKR1C22,93.8080495356037
AKR1C12,AKR1C24,91.0216718266254
AKR1C12,AKR1C34,85.7585139318885
AKR1C12,AKR1C35,84.8297213622291
AKR1C12,AKR1D2,50.7739938080495
AKR1C12,AKR1D4,17.2413793103448
AKR1C12,AKR1E1,46.843853820598
AKR1C12,AKR6A2,22.5694444444445
AKR1C12,AKR6A4,22.2222222222222
AKR1C12,AKR6A8,20.8333333333333
AKR1C12,AKR6A12,21.830985915493
AKR1C12,AKR6A13,20.8333333333333
AKR1C12,AKR6A14,21.830985915493
AKR1C12,AKR7A1,20.6521739130435
AKR1C12,AKR7A4,22.1428571428571
AKR1C12,AKR7A5,21.1267605633803
AKR1C13,AKR1C14,64.0866873065016
AKR1C13,AKR1C15,63.4674922600619
AKR1C13,AKR1C16,90.8805031446541
AKR1C13,AKR1C17,86.6043613707165
AKR1C13,AKR1C18,66.6666666666667
AKR1C13,AKR1C19,73.374613003096
AKR1C13,AKR1C20,64.8854961832061
AKR1C13,AKR1C21,65.3250773993808
AKR1C13,AKR1C22,99.6904024767802
AKR1C13,AKR1C24,87.9256965944273
AKR1C13,AKR1C34,86.0681114551084
AKR1C13,AKR1C35,85.4489164086687
AKR1C13,AKR1D2,50.7739938080495
AKR1C13,AKR1D4,16.551724137931
AKR1C13,AKR1E1,46.1794019933555
AKR1C13,AKR6A2,21.5277777777778
AKR1C13,AKR6A4,21.1805555555555
AKR1C13,AKR6A8,19.7916666666667
AKR1C13,AKR6A12,21.1267605633803
AKR1C13,AKR6A13,19.7916666666667
AKR1C13,AKR6A14,21.1267605633803
AKR1C13,AKR7A1,19.5652173913043
AKR1C13,AKR7A4,21.0714285714286
AKR1C13,AKR7A5,20.0704225352113
AKR1C14,AKR1C15,61.9195046439629
AKR1C14,AKR1C16,65.0943396226415
AKR1C14,AKR1C17,63.5514018691589
AKR1C14,AKR1C18,70.3703703703704
AKR1C14,AKR1C19,67.8018575851393
AKR1C14,AKR1C20,70.6106870229008
AKR1C14,AKR1C21,70.2786377708978
AKR1C14,AKR1C22,64.0866873065016
AKR1C14,AKR1C24,63.4674922600619
AKR1C14,AKR1C34,64.3962848297214
AKR1C14,AKR1C35,64.7058823529412
AKR1C14,AKR1D2,50.4643962848297
AKR1C14,AKR1D4,16.8965517241379
AKR1C14,AKR1E1,44.8504983388704
AKR1C14,AKR6A2,22.2222222222222
AKR1C14,AKR6A4,21.875
AKR1C14,AKR6A8,21.875
AKR1C14,AKR6A12,22.5352112676056
AKR1C14,AKR6A13,21.875
AKR1C14,AKR6A14,22.1830985915493
AKR1C14,AKR7A1,19.2028985507246
AKR1C14,AKR7A4,18.9285714285714
AKR1C14,AKR7A5,18.3098591549296
AKR1C15,AKR1C16,63.5220125786164
AKR1C15,AKR1C17,63.2398753894081
AKR1C15,AKR1C18,63.6363636363636
AKR1C15,AKR1C19,63.4674922600619
AKR1C15,AKR1C20,69.0839694656488
AKR1C15,AKR1C21,64.3962848297214
AKR1C15,AKR1C22,63.4674922600619
AKR1C15,AKR1C24,62.8482972136223
AKR1C15,AKR1C34,61.9195046439629
AKR1C15,AKR1C35,61.3003095975232
AKR1C15,AKR1D2,54.4891640866873
AKR1C15,AKR1D4,17.2413793103448
AKR1C15,AKR1E1,45.8471760797342
AKR1C15,AKR6A2,26.3888888888889
AKR1C15,AKR6A4,25.6944444444445
AKR1C15,AKR6A8,24.6527777777778
AKR1C15,AKR6A12,24.6478873239437
AKR1C15,AKR6A13,24.6527777777778
AKR1C15,AKR6A14,24.2957746478873
AKR1C15,AKR7A1,20.6521739130435
AKR1C15,AKR7A4,21.7857142857143
AKR1C15,AKR7A5,20.7746478873239
AKR1C16,AKR1C17,92.7444794952681
AKR1C16,AKR1C18,66.0958904109589
AKR1C16,AKR1C19,73.2704402515723
AKR1C16,AKR1C20,65.3696498054475
AKR1C16,AKR1C21,64.7798742138365
AKR1C16,AKR1C22,90.5660377358491
AKR1C16,AKR1C24,90.5660377358491
AKR1C16,AKR1C34,85.8490566037736
AKR1C16,AKR1C35,84.9056603773585
AKR1C16,AKR1D2,50.6289308176101
AKR1C16,AKR1D4,16.140350877193
AKR1C16,AKR1E1,45.8471760797342
AKR1C16,AKR6A2,20.8480565371025
AKR1C16,AKR6A4,20.4946996466431
AKR1C16,AKR6A8,19.7879858657244
AKR1C16,AKR6A12,21.1469534050179
AKR1C16,AKR6A13,19.7879858657244
AKR1C16,AKR6A14,21.1469534050179
AKR1C16,AKR7A1,19.2028985507246
AKR1C16,AKR7A4,19.2857142857143
AKR1C16,AKR7A5,18.6379928315412
AKR1C17,AKR1C18,65.7627118644068
AKR1C17,AKR1C19,70.7165109034268
AKR1C17,AKR1C20,65.3846153846154
AKR1C17,AKR1C21,64.797507788162
AKR1C17,AKR1C22,86.2928348909657
AKR1C17,AKR1C24,88.4735202492212
AKR1C17,AKR1C34,82.2429906542056
AKR1C17,AKR1C35,82.5545171339564
AKR1C17,AKR1D2,48.5981308411215
AKR1C17,AKR1D4,16.3194444444444
AKR1C17,AKR1E1,45.3333333333333
AKR1C17,AKR6A2,20.2797202797203
AKR1C17,AKR6A4,19.9300699300699
AKR1C17,AKR6A8,19.5804195804196
AKR1C17,AKR6A12,21.2765957446809
AKR1C17,AKR6A13,19.5804195804196
AKR1C17,AKR6A14,21.2765957446809
AKR1C17,AKR7A1,18.9090909090909
AKR1C17,AKR7A4,19.7132616487455
AKR1C17,AKR7A5,19.1489361702128
AKR1C18,AKR1C19,67.003367003367
AKR1C18,AKR1C20,71.1864406779661
AKR1C18,AKR1C21,71.3804713804714
AKR1C18,AKR1C22,66.6666666666667
AKR1C18,AKR1C24,66.3299663299663
AKR1C18,AKR1C34,66.3299663299663
AKR1C18,AKR1C35,67.3400673400673
AKR1C18,AKR1D2,53.1986531986532
AKR1C18,AKR1D4,19.9248120300752
AKR1C18,AKR1E1,46.1818181818182
AKR1C18,AKR6A2,21.7081850533808
AKR1C18,AKR6A4,21.3523131672598
AKR1C18,AKR6A8,22.0640569395018
AKR1C18,AKR6A12,21.2996389891697
AKR1C18,AKR6A13,22.0640569395018
AKR1C18,AKR6A14,21.2996389891697
AKR1C18,AKR7A1,19.7026022304833
AKR1C18,AKR7A4,18.6813186813187
AKR1C18,AKR7A5,18.4115523465704
AKR1C19,AKR1C20,69.8473282442748
AKR1C19,AKR1C21,69.3498452012384
AKR1C19,AKR1C22,73.374613003096
AKR1C19,AKR1C24,72.7554179566564
AKR1C19,AKR1C34,71.5170278637771
AKR1C19,AKR1C35,72.1362229102167
AKR1C19,AKR1D2,52.9411764705882
AKR1C19,AKR1D4,15.8620689655172
AKR1C19,AKR1E1,46.843853820598
AKR1C19,AKR6A2,23.9583333333333
AKR1C19,AKR6A4,23.6111111111111
AKR1C19,AKR6A8,22.5694444444445
AKR1C19,AKR6A12,21.830985915493
AKR1C19,AKR6A13,22.5694444444445
AKR1C19,AKR6A14,21.830985915493
AKR1C19,AKR7A1,21.3768115942029
AKR1C19,AKR7A4,22.1428571428571
AKR1C19,AKR7A5,21.4788732394366
AKR1C20,AKR1C21,72.9007633587786
AKR1C20,AKR1C22,64.8854961832061
AKR1C20,AKR1C24,63.7404580152672
AKR1C20,AKR1C34,65.2671755725191
AKR1C20,AKR1C35,66.793893129771
AKR1C20,AKR1D2,56.1068702290076
AKR1C20,AKR1D4,19.0677966101695
AKR1C20,AKR1E1,47.0833333333333
AKR1C20,AKR6A2,20.8510638297872
AKR1C20,AKR6A4,20.4255319148936
AKR1C20,AKR6A8,20
AKR1C20,AKR6A12,20.8510638297872
AKR1C20,AKR6A13,20
AKR1C20,AKR6A14,20.8510638297872
AKR1C20,AKR7A1,18.3856502242152
AKR1C20,AKR7A4,18.0616740088106
AKR1C20,AKR7A5,16.4502164502164
AKR1C21,AKR1C22,65.3250773993808
AKR1C21,AKR1C24,64.7058823529412
AKR1C21,AKR1C34,64.7058823529412
AKR1C21,AKR1C35,65.6346749226006
AKR1C21,AKR1D2,55.4179566563467
AKR1C21,AKR1D4,16.551724137931
AKR1C21,AKR1E1,44.1860465116279
AKR1C21,AKR6A2,23.6111111111111
AKR1C21,AKR6A4,23.2638888888889
AKR1C21,AKR6A8,23.9583333333333
AKR1C21,AKR6A12,24.6478873239437
AKR1C21,AKR6A13,23.9583333333333
AKR1C21,AKR6A14,24.6478873239437
AKR1C21,AKR7A1,20.2898550724638
AKR1C21,AKR7A4,20.7142857142857
AKR1C21,AKR7A5,20.4225352112676
AKR1C22,AKR1C24,87.6160990712074
AKR1C22,AKR1C34,85.7585139318885
AKR1C22,AKR1C35,85.1393188854489
AKR1C22,AKR1D2,50.7739938080495
AKR1C22,AKR1D4,16.551724137931
AKR1C22,AKR1E1,46.5116279069767
AKR1C22,AKR6A2,21.1805555555555
AKR1C22,AKR6A4,20.8333333333333
AKR1C22,AKR6A8,19.4444444444444
AKR1C22,AKR6A12,20.7746478873239
AKR1C22,AKR6A13,19.4444444444444
AKR1C22,AKR6A14,20.7746478873239
AKR1C22,AKR7A1,19.2028985507246
AKR1C22,AKR7A4,20.7142857142857
AKR1C22,AKR7A5,19.7183098591549
AKR1C24,AKR1C34,84.2105263157895
AKR1C24,AKR1C35,83.5913312693499
AKR1C24,AKR1D2,49.8452012383901
AKR1C24,AKR1D4,16.551724137931
AKR1C24,AKR1E1,45.1827242524917
AKR1C24,AKR6A2,21.1805555555555
AKR1C24,AKR6A4,20.8333333333333
AKR1C24,AKR6A8,19.7916666666667
AKR1C24,AKR6A12,20.7746478873239
AKR1C24,AKR6A13,19.7916666666667
AKR1C24,AKR6A14,20.7746478873239
AKR1C24,AKR7A1,19.9275362318841
AKR1C24,AKR7A4,21.0714285714286
AKR1C24,AKR7A5,20.0704225352113
AKR1C34,AKR1C35,88.2352941176471
AKR1C34,AKR1D2,50.1547987616099
AKR1C34,AKR1D4,16.8965517241379
AKR1C34,AKR1E1,43.5215946843854
AKR1C34,AKR6A2,21.1805555555555
AKR1C34,AKR6A4,20.8333333333333
AKR1C34,AKR6A8,19.4444444444444
AKR1C34,AKR6A12,21.4788732394366
AKR1C34,AKR6A13,19.4444444444444
AKR1C34,AKR6A14,21.4788732394366
AKR1C34,AKR7A1,21.7391304347826
AKR1C34,AKR7A4,21.7857142857143
AKR1C34,AKR7A5,21.1267605633803
AKR1C35,AKR1D2,51.0835913312694
AKR1C35,AKR1D4,16.2068965517241
AKR1C35,AKR1E1,44.5182724252492
AKR1C35,AKR6A2,21.5277777777778
AKR1C35,AKR6A4,21.1805555555555
AKR1C35,AKR6A8,19.7916666666667
AKR1C35,AKR6A12,21.1267605633803
AKR1C35,AKR6A13,19.7916666666667
AKR1C35,AKR6A14,21.1267605633803
AKR1C35,AKR7A1,21.0144927536232
AKR1C35,AKR7A4,21.0714285714286
AKR1C35,AKR7A5,19.7183098591549
AKR1D2,AKR1D4,17.8082191780822
AKR1D2,AKR1E1,50.4983388704319
AKR1D2,AKR6A2,20.4861111111111
AKR1D2,AKR6A4,20.1388888888889
AKR1D2,AKR6A8,20.7612456747405
AKR1D2,AKR6A12,20.3508771929825
AKR1D2,AKR6A13,20.7612456747405
AKR1D2,AKR6A14,20.3508771929825
AKR1D2,AKR7A1,21.0144927536232
AKR1D2,AKR7A4,20.7142857142857
AKR1D2,AKR7A5,19.2982456140351
AKR1D4,AKR1E1,14.9253731343283
AKR1D4,AKR6A2,14.6179401993355
AKR1D4,AKR6A4,14.2857142857143
AKR1D4,AKR6A8,14.2424242424242
AKR1D4,AKR6A12,16.012084592145
AKR1D4,AKR6A13,14.2424242424242
AKR1D4,AKR6A14,16.012084592145
AKR1D4,AKR7A1,14.3356643356643
AKR1D4,AKR7A4,14.5762711864407
AKR1D4,AKR7A5,15.1702786377709
AKR1E1,AKR6A2,22.4719101123595
AKR1E1,AKR6A4,22.0973782771536
AKR1E1,AKR6A8,21.3483146067416
AKR1E1,AKR6A12,21.6730038022814
AKR1E1,AKR6A13,21.3483146067416
AKR1E1,AKR6A14,20.9125475285171
AKR1E1,AKR7A1,18.796992481203
AKR1E1,AKR7A4,19.9248120300752
AKR1E1,AKR7A5,18.1818181818182
AKR6A2,AKR6A4,99.1825613079019
AKR6A2,AKR6A8,78.7465940054496
AKR6A2,AKR6A12,68.1440443213296
AKR6A2,AKR6A13,78.7465940054496
AKR6A2,AKR6A14,68.6980609418282
AKR6A2,AKR7A1,26.9480519480519
AKR6A2,AKR7A4,26.2658227848101
AKR6A2,AKR7A5,26.219512195122
AKR6A4,AKR6A8,77.9291553133515
AKR6A4,AKR6A12,67.590027700831
AKR6A4,AKR6A13,77.9291553133515
AKR6A4,AKR6A14,68.1440443213296
AKR6A4,AKR7A1,26.2987012987013
AKR6A4,AKR7A4,25.6329113924051
AKR6A4,AKR7A5,25.9146341463415
AKR6A8,AKR6A12,70.3324808184143
AKR6A8,AKR6A13,99.7506234413965
AKR6A8,AKR6A14,70.5882352941177
AKR6A8,AKR7A1,26.9480519480519
AKR6A8,AKR7A4,26.6457680250784
AKR6A8,AKR7A5,26.9794721407625
AKR6A12,AKR6A13,70.3324808184143
AKR6A12,AKR6A14,96.7821782178218
AKR6A12,AKR7A1,25.6578947368421
AKR6A12,AKR7A4,25.8785942492013
AKR6A12,AKR7A5,27.4336283185841
AKR6A13,AKR6A14,70.5882352941177
AKR6A13,AKR7A1,26.9480519480519
AKR6A13,AKR7A4,26.6457680250784
AKR6A13,AKR7A5,26.9794721407625
AKR6A14,AKR7A1,25.9868421052631
AKR6A14,AKR7A4,25.8785942492013
AKR6A14,AKR7A5,27.1386430678466
AKR7A1,AKR7A4,79.2048929663609
AKR7A1,AKR7A5,78.4615384615385
AKR7A4,AKR7A5,88.3928571428571
